age,nba_team,name,id
62,Detroit Pistons,Tom Gores,1
88,Chicago Bulls,Jerry Michael Reinsdorf,10
77,New Orleans Pelicans,Gayle Benson || Tom Benson || Sheila Ford Hamp || Kim Pegula || Carol Davis || Denise DeBartolo York || Amy Adams Strunk || Virginia Halas McCaskey || Janice McNair || Jody Allen || Dee Haslam || Jeanie Buss || Miriam Adelson || Ann Walton Kroenke,11
76,Denver Nuggets,Enos Stanley Kroenke || Ann Walton Kroenke,12
59,Philadelphia 76ers,Joshua Jordan Harris,13
71,New York Knicks,James Lawrence Dolan,14
77,Miami Heat,Micky Arison,15
70,Golden State Warriors,Joseph Steven Lacob || Peter Guber,16
68,Los Angeles Clippers,Steven Anthony Ballmer,3
67,Orlando Magic,Daniel G. DeVos,4
68,Dallas Mavericks,Mark Cuban || Miriam Adelson,5
66,Houston Rockets,Tilman Joseph Fertitta || Leslie Alexander || Bob McNair,6
62,Brooklyn Nets,Joseph Tsai,7
66,Oklahoma City Thunder || San Antonio Spurs,Clayton Ike Bennett,8
91,Indiana Pacers,Herbert Simon || Mel Simon || David Simon,9
