team,name,mvp_awards,birth_date,id
Dallas Mavericks || Atlanta Hawks || Chicago Bulls,Antonius Cleveland,0,1994/2/2,1
Boston Celtics || San Diego Rockets || Milwaukee Bucks || Kansas City Kings || Philadelphia 76ers || New Orleans Jazz,Thomas Kimball || Toby Kimball,0,1942/9/7,10
Golden State Warriors,"Chavano Rainer ""Buddy"" Hield",0,1992/12/17,100
Los Angeles Lakers,D'Angelo Russell,0,1996/2/23,101
Philadelphia 76ers,Joel Embiid,1,1994/3/16,102
Philadelphia 76ers,Paul George,1,1990/5/2,103
Dallas Mavericks,Kyrie Andrew Irving,1,1992/3/23,104
Boston Celtics,Jayson Christopher Tatum,0,1998/3/3,105
Philadelphia 76ers || Miami Heat || Charlotte Hornets,Caleb Martin || Cody Martin || Christian Koloko || Jimmy Butler || Chandler Hutchison || Jordan Caroline,0,1995/9/28,106
Golden State Warriors,Andrew Christian Wiggins,0,1995/2/23,107
Philadelphia 76ers,Max Berning Fiedler,0,2001/2/26,108
New York Knicks || Toronto Raptors,"Ogugua ""OG"" Anunoby Jr.",0,1997/7/17,109
Sacramento Kings,William Derek Grimm,0,1974/8/3,11
Boston Celtics,Jaylen Marselles Brown,1,1996/10/24,110
San Antonio Spurs,Victor Wembanyama,1,2004/1/4,111
Boston Celtics,Jrue Randall Holiday,0,1990/6/12,112
Los Angeles Lakers,Austin Tyler Reaves,0,1998/5/29,113
Miami Heat,Kevin Wesley Love || LeBron James || Kevin McHale || Stan Love || Klay Thompson || Kyrie Irving || Russell Westbrook || Dwight Howard || Deron Williams || Yao Ming || O. J. Mayo || Al Jefferson || Luis Scola || Stephen Curry || Karl-Anthony Towns || Andrew Wiggins || Anthony Bennett || Thaddeus Young || Luc Mbah a Moute || Alexey Shved || Greg Buckner || Antoine Walker || Marko Jarić || Kelly Olynyk || Moses Malone || Hakeem Olajuwon || Elvin Hayes || Wilt Chamberlain || Wes Unseld || Brian Cardinal || Mike Miller || Jason Collins || Rashad McCants || Zydrunas Ilgauskas || Tristan Thompson || Andre Drummond || DeMar DeRozan || Kyle Singler || Charles Barkley || Bill Walton || John Wooden || Wes Unseld || Carl Landry || Dirk Nowitzki || Chris Bosh || Pau Gasol || LaMarcus Aldridge || Blake Griffin || Kevin Garnett || Nikola Peković || Ricky Rubio || Zach Randolph || Marc Gasol || Tyson Chandler || Joakim Noah || David Lee || Paul George || Chris Paul || James Harden || Kobe Bryant || Tim Duncan || Tony Parker || Manu Ginobili || Dwyane Wade || Chris Bosh || Ray Allen || Shane Battier || Mike Miller || Mario Chalmers || Udonis Haslem || Norris Cole || Mike Conley || Zach Randolph || Marc Gasol || O. J. Mayo || Rudy Gay || Mike Bibby || Josh Smith || Al Horford || Joe Johnson || Jamal Crawford || Kyle Korver || Luol Deng || Derrick Rose || Joakim Noah || Carlos Boozer || Richard Hamilton || Ben Gordon || Rodney Stuckey || Charlie Villanueva || Greg Monroe || Brandon Knight || Andre Iguodala || Danny Granger || David West || Roy Hibbert || George Hill || Paul George || Darren Collison || Tyler Hansbrough || Danny Green || Kawhi Leonard || Tony Parker || Manu Ginobili || Tim Duncan || Boris Diaw || Tiago Splitter || Stephen Jackson || Gary Neal || Matt Bonner || DeJuan Blair || Patty Mills || Cory Joseph || Nando De Colo || Aron Baynes || Marco Belinelli || Jeff Ayres || John Salmons || Chuck Hayes || Patrick Patterson || Greivis Vásquez || Kyle Lowry || Amir Johnson || Jonas Valanciunas || DeMar DeRozan || Terrence Ross || Landry Fields || Quincy Acy || Aaron Gray || Dwight Buycks || Julyan Stone || Steve Novak || Carlos Delfino || José Calderón || Andrea Bargnani || Ed Davis || Alan Anderson || Linas Kleiza || John Lucas III || Dominic McGuire || Amir Johnson || Jamaal Magloire || Rasual Butler || Solomon Alabi || Ben Uzoh || Gary Forbes || Aaron Gray || Joel Anthony || Mike Miller || Shane Battier || LeBron James || Dwyane Wade || Chris Bosh || Mario Chalmers || Norris Cole || James Jones || Mike Miller || Rashard Lewis || Ray Allen || Greg Oden || Josh McRoberts || Michael Beasley || Chris Andersen || Udonis Haslem || Toney Douglas || Justin Hamilton || Jarvis Varnado || Joel Anthony || Roger Mason || Chris Bosh || Josh McRoberts || Chris Andersen || Rashard Lewis || James Jones || Norris Cole || Mario Chalmers || Dwyane Wade || LeBron James || Kevin Durant || Russell Westbrook || Serge Ibaka || Kendrick Perkins || Thabo Sefolosha || Kevin Martin || Caron Butler || Derek Fisher || Nick Collison || Steven Adams || Perry Jones || Jeremy Lamb || Reggie Jackson || Andre Roberson || Grant Jerrett || Ryan Gomes || Hasheem Thabeet || Daniel Orton || Diante Garrett || Royal Ivey || Ryan Bowen || Kevin Durant || Russell Westbrook || Serge Ibaka || Kendrick Perkins || Thabo Sefolosha || Kevin Martin || Caron Butler || Derek Fisher || Nick Collison || Steven Adams || Perry Jones || Jeremy Lamb || Reggie Jackson || Andre Roberson || Grant Jerrett || Ryan Gomes || Hasheem Thabeet || Daniel Orton || Diante Garrett || Royal Ivey || Ryan Bowen || Kevin Durant || Russell Westbrook || Serge Ibaka || Kendrick Perkins || Thabo Sefolosha || Kevin Martin || Caron Butler || Derek Fisher || Nick Collison || Steven Adams || Perry Jones || Jeremy Lamb || Reggie Jackson || Andre Roberson || Grant Jerrett || Ryan Gomes || Hasheem Thabeet || Daniel Orton || Diante Garrett || Royal Ivey || Ryan Bowen || Kevin Durant || Russell Westbrook || Serge Ibaka || Kendrick Perkins || Thabo Sefolosha || Kevin Martin || Caron Butler || Derek Fisher || Nick Collison || Steven Adams || Perry Jones || Jeremy Lamb || Reggie Jackson || Andre Roberson || Grant Jerrett || Ryan Gomes || Hasheem Thabeet || Daniel Orton || Diante Garrett || Royal Ivey || Ryan Bowen || Kevin Durant || Russell Westbrook || Serge Ibaka || Kendrick Perkins || Thabo Sefolosha || Kevin Martin || Caron Butler || Derek Fisher || Nick Collison || Steven Adams || Perry Jones || Jeremy Lamb || Reggie Jackson || Andre Roberson || Grant Jerrett || Ryan Gomes || Hasheem Thabeet || Daniel Orton || Diante Garrett || Royal Ivey || Ryan Bowen || Kevin Durant || Russell Westbrook || Serge Ibaka || Kendrick Perkins || Thabo Sefolosha || Kevin Martin || Caron Butler || Derek Fisher || Nick Collison || Steven Adams || Perry Jones || Jeremy Lamb || Reggie Jackson || Andre Roberson || Grant Jerrett || Ryan Gomes || Hasheem Thabeet || Daniel Orton || Diante Garrett || Royal Ivey || Ryan Bowen || Kevin Durant || Russell Westbrook || Serge Ibaka || Kendrick Perkins || Thabo Sefolosha || Kevin Martin || Caron Butler || Derek Fisher || Nick Collison || Steven Adams || Perry Jones || Jeremy Lamb || Reggie Jackson || Andre Roberson || Grant Jerrett || Ryan Gomes || Hasheem Thabeet || Daniel Orton || Diante Garrett || Royal Ivey || Ryan Bowen || Kevin Durant || Russell Westbrook || Serge Ibaka || Kendrick Perkins || Thabo Sefolosha || Kevin Martin || Caron Butler || Derek Fisher || Nick Collison || Steven Adams || Perry Jones || Jeremy Lamb || Reggie Jackson || Andre Roberson || Grant Jerrett || Ryan Gomes || Hasheem Thabeet || Daniel Orton || Diante Garrett || Royal Ivey || Ryan Bowen || Kevin Durant || Russell Westbrook || Serge Ibaka || Kendrick Perkins || Thabo Sefolosha || Kevin Martin || Caron Butler || Derek Fisher || Nick Collison || Steven Adams || Perry Jones || Jeremy Lamb || Reggie Jackson || Andre Roberson || Grant Jerrett || Ryan Gomes || Hasheem Thabeet || Daniel Orton || Diante Garrett || Royal Ivey || Ryan Bowen || Kevin Durant || Russell Westbrook || Serge Ibaka || Kendrick Perkins || Thabo Sefolosha || Kevin Martin || Caron Butler || Derek Fisher || Nick Collison || Steven Adams || Perry Jones || Jeremy Lamb || Reggie Jackson || Andre Roberson || Grant Jerrett || Ryan Gomes || Hasheem Thabeet || Daniel Orton || Diante Garrett || Royal Ivey || Ryan Bowen || Kevin Durant || Russell Westbrook || Serge Ibaka || Kendrick Perkins || Thabo Sefolosha || Kevin Martin || Caron Butler || Derek Fisher || Nick Collison || Steven Adams || Perry Jones || Jeremy Lamb || Reggie Jackson || Andre Roberson || Grant Jerrett || Ryan Gomes || Hasheem Thabeet || Daniel Orton || Diante Garrett || Royal Ivey || Ryan Bowen || Kevin Durant || Russell Westbrook || Serge Ibaka || Kendrick Perkins || Thabo Sefolosha || Kevin Martin || Caron Butler || Derek Fisher || Nick Collison || Steven Adams || Perry Jones || Jeremy Lamb || Reggie Jackson || Andre Roberson || Grant Jerrett || Ryan Gomes || Hasheem Thabeet || Daniel Orton || Diante Garrett || Royal Ivey || Ryan Bowen || Kevin Durant || Russell Westbrook || Serge Ibaka || Kendrick Perkins || Thabo Sefolosha || Kevin Martin || Caron Butler || Derek Fisher || Nick Collison || Steven Adams || Perry Jones || Jeremy Lamb || Reggie Jackson || Andre Roberson || Grant Jerrett || Ryan Gomes || Hasheem Thabeet || Daniel Orton || Diante Garrett || Royal Ivey || Ryan Bowen || Kevin Durant || Russell Westbrook || Serge Ibaka || Kendrick Perkins || Thabo Sefolosha || Kevin Martin || Caron Butler || Derek Fisher || Nick Collison || Steven Adams || Perry Jones || Jeremy Lamb || Reggie Jackson || Andre Roberson || Grant Jerrett || Ryan Gomes || Hasheem Thabeet || Daniel Orton || Diante Garrett || Royal Ivey || Ryan Bowen || Kevin Durant || Russell Westbrook || Serge Ibaka || Kendrick Perkins || Thabo Sefolosha || Kevin Martin || Caron Butler || Derek Fisher || Nick Collison || Steven Adams || Perry Jones || Jeremy Lamb || Reggie Jackson || Andre Roberson || Grant Jerrett || Ryan Gomes || Hasheem Thabeet || Daniel Orton || Diante Garrett || Royal Ivey || Ryan Bowen || Kevin Durant || Russell Westbrook || Serge Ibaka || Kendrick Perkins || Thabo Sefolosha || Kevin Martin || Caron Butler || Derek Fisher || Nick Collison || Steven Adams || Perry Jones || Jeremy Lamb || Reggie Jackson || Andre Roberson || Grant Jerrett || Ryan Gomes || Hasheem Thabeet || Daniel Orton || Diante Garrett || Royal Ivey || Ryan Bowen || Kevin Durant || Russell Westbrook || Serge Ibaba || Kendrick Perkins || Thabo Sefolosha || Kevin Martin || Caron Butler || Derek Fisher || Nick Collison || Steven Adams || Perry Jones || Jeremy Lamb || Reggie Jackson || Andre Roberson || Grant Jerrett || Ryan Gomes || Hasheem Thabeet || Daniel Orton || Diante Garrett || Royal Ivey || Ryan Bowen || Kevin Durant || Russell Westbrook || Serge Ibaka || Kendrick Perkins || Thabo Sefolosha || Kevin Martin || Caron Butler || Derek Fisher || Nick Collison || Steven Adams || Perry Jones || Jeremy Lamb || Reggie Jackson || Andre Roberson || Grant Jerrett || Ryan Gomes || Hasheem Thabeet || Daniel Orton || Diante Garrett || Royal Ivey || Ryan Bowen || Kevin Durant || Russell Westbrook || Serge Ibaka || Kendrick Perkins || Thabo Sefolosha || Kevin Martin || Caron Butler || Derek Fisher || Nick Collison || Steven Adams || Perry Jones || Jeremy Lamb || Reggie Jackson || Andre Roberson || Grant Jerrett || Ryan Gomes || Hasheem Thabeet || Daniel Orton || Diante Garrett || Royal Ivey || Ryan Bowen || Kevin Durant || Russell Westbrook || Serge Ibaka || Kendrick Perkins || Thabo Sefolosha || Kevin Martin || Caron Butler || Derek Fisher || Nick Collison || Steven Adams || Perry Jones || Jeremy Lamb || Reggie Jackson || Andre Roberson || Grant Jerrett || Ryan Gomes || Hasheem Thabeet || Daniel Orton || Diante Garrett || Royal Ivey || Ryan Bowen || Kevin Durant || Russell Westbrook || Serge Ibaka || Kendrick Perkins || Thabo Sefolosha || Kevin Martin || Caron Butler || Derek Fisher || Nick Collison || Steven Adams || Perry Jones || Jeremy Lamb || Reggie Jackson || Andre Roberson || Grant Jerrett || Ryan Gomes || Hasheem Thabeet || Daniel Orton || Diante Garrett || Royal Ivey || Ryan Bowen || Kevin Durant || Russell Westbrook || Serge Ibaka || Kendrick Perkins || Thabo Sefolosha || Kevin Martin || Caron Butler || Derek Fisher || Nick Collison || Steven Adams || Perry Jones || Jeremy Lamb || Reggie Jackson || Andre Roberson || Grant Jerrett || Ryan Gomes || Hasheem Thabeet || Daniel Orton || Diante Garrett || Royal Ivey || Ryan Bowen || Kevin Durant || Russell Westbrook || Serge Ibaka || Kendrick Perkins || Thabo Sefolosha || Kevin Martin || Caron Butler || Derek Fisher || Nick Collison || Steven Adams || Perry Jones || Jeremy Lamb || Reggie Jackson || Andre Roberson || Grant Jerrett || Ryan Gomes || Hasheem Thabeet || Daniel Orton || Diante Garrett || Royal Ivey || Ryan Bowen || Kevin Durant || Russell Westbrook || Serge Ibaka || Kendrick Perkins || Thabo Sefolosha || Kevin Martin || Caron Butler || Derek Fisher || Nick Collison || Steven Adams || Perry Jones || Jeremy Lamb || Reggie Jackson || Andre Roberson || Grant Jerrett || Ryan Gomes || Hasheem Thabeet || Daniel Orton || Diante Garrett || Royal Ivey || Ryan Bowen || Kevin Durant || Russell Westbrook || Serge Ibaka || Kendrick Perkins || Thabo Sefolosha || Kevin Martin || Caron Butler || Derek Fisher || Nick Collison || Steven Adams || Perry Jones || Jeremy Lamb || Reggie Jackson || Andre Roberson || Grant Jerrett || Ryan Gomes || Hasheem Thabeet || Daniel Orton || Diante Garrett || Royal Ivey || Ryan Bowen || Kevin Durant || Russell Westbrook || Serge Ibaka || Kendrick Perkins || Thabo Sefolosha || Kevin Martin || Caron Butler || Derek Fisher || Nick Collison || Steven Adams || Perry Jones || Jeremy Lamb || Reggie Jackson || Andre Roberson || Grant Jerrett || Ryan Gomes || Hasheem Thabeet || Daniel Orton || Diante Garrett || Royal Ivey || Ryan Bowen || Kevin Durant || Russell Westbrook || Serge Ibaka || Kendrick Perkins || Thabo Sefolosha || Kevin Martin || Caron Butler || Derek Fisher || Nick Collison || Steven Adams || Perry Jones || Jeremy Lamb || Reggie Jackson || Andre Roberson || Grant Jerrett || Ryan Gomes || Hasheem Thabeet || Daniel Orton || Diante Garrett || Royal Ivey || Ryan Bowen || Kevin Durant || Russell Westbrook || Serge Ibaka || Kendrick Perkins || Thabo Sefolosha || Kevin Martin || Caron Butler || Derek Fisher || Nick Collison || Steven Adams || Perry Jones || Jeremy Lamb || Reggie Jackson || Andre Roberson || Grant Jerrett || Ryan Gomes || Hasheem Thabeet || Daniel Orton || Diante Garrett || Royal Ivey || Ryan Bowen || Kevin Durant || Russell Westbrook || Serge Ibaka || Kendrick Perkins || Thabo Sefolosha || Kevin Martin || Caron Butler || Derek Fisher || Nick Collison || Steven Adams || Perry Jones || Jeremy Lamb || Reggie Jackson || Andre Roberson || Grant Jerrett || Ryan Gomes || Hasheem Thabeet || Daniel Orton || Diante Garrett || Royal Ivey || Ryan Bowen || Kevin Durant || Russell Westbrook || Serge Ibaka || Kendrick Perkins || Thabo Sefolosha || Kevin Martin || Caron Butler || Derek Fisher || Nick Collison || Steven Adams || Perry Jones || Jeremy Lamb || Reggie Jackson || Andre Roberson || Grant Jerrett || Ryan Gomes || Hasheem Thabeet || Daniel Orton || Diante Garrett || Royal Ivey || Ryan Bowen || Kevin Durant || Russell Westbrook || Serge Ibaka || Kendrick Perkins || Thabo Sefolosha || Kevin Martin || Caron Butler || Derek Fisher || Nick Collison || Steven Adams || Perry Jones || Jeremy Lamb || Reggie Jackson || Andre Roberson || Grant Jerrett || Ryan Gomes || Hasheem Thabeet || Daniel Orton || Diante Garrett || Royal Ivey || Ryan Bowen || Kevin Durant || Russell Westbrook || Serge Ibaka || Kendrick Perkins || Thabo Sefolosha || Kevin Martin || Caron Butler || Derek Fisher || Nick Collison || Steven Adams || Perry Jones || Jeremy Lamb || Reggie Jackson || Andre Roberson || Grant Jerrett || Ryan Gomes || Hasheem Thabeet || Daniel Orton || Diante Garrett || Royal Ivey || Ryan Bowen || Kevin Durant || Russell Westbrook || Serge Ibaka || Kendrick Perkins || Thabo Sefolosha || Kevin Martin || Caron Butler || Derek Fisher || Nick Collison || Steven Adams || Perry Jones || Jeremy Lamb || Reggie Jackson || Andre Roberson || Grant Jerrett || Ryan Gomes || Hasheem Thabeet || Daniel Orton || Diante Garrett || Royal Ivey || Ryan Bowen || Kevin Durant || Russell Westbrook || Serge Ibaka || Kendrick Perkins || Thabo Sefolosha || Kevin Martin || Caron Butler || Derek Fisher || Nick Collison || Steven Adams || Perry Jones || Jeremy Lamb || Reggie Jackson || Andre Roberson || Grant Jerrett || Ryan Gomes || Hasheem Thabeet || Daniel Orton || Diante Garrett || Royal Ivey || Ryan Bowen || Kevin Durant || Russell Westbrook || Serge Ibaka || Kendrick Perkins || Thabo Sefolosha || Kevin Martin || Caron Butler || Derek Fisher || Nick Collison || Steven Adams || Perry Jones || Jeremy Lamb || Reggie Jackson || Andre Roberson || Grant Jerrett || Ryan Gomes || Hasheem Thabeet || Daniel Orton || Diante Garrett || Royal Ivey || Ryan Bowen || Kevin Durant || Russell Westbrook || Serge Ibaka || Kendrick Perkins || Thabo Sefolosha || Kevin Martin || Caron Butler || Derek Fisher || Nick Collison || Steven Adams || Perry Jones || Jeremy Lamb || Reggie Jackson || Andre Roberson || Grant Jerrett || Ryan Gomes || Hasheem Thabeet || Daniel Orton || Diante Garrett || Royal Ivey || Ryan Bowen || Kevin Durant || Russell Westbrook || Serge Ibaka || Kendrick Perkins || Thabo Sefolosha || Kevin Martin || Caron Butler || Derek Fisher || Nick Collison || Steven Adams || Perry Jones || Jeremy Lamb || Reggie Jackson || Andre Roberson || Grant Jerrett || Ryan Gomes || Hasheem Thabeet || Daniel Orton || Diante Garrett || Royal Ivey || Ryan Bowen || Kevin Durant || Russell Westbrook || Serge Ibaka || Kendrick Perkins || Thabo Sefolosha || Kevin Martin || Caron Butler || Derek Fisher || Nick Collison || Steven Adams || Perry Jones || Jeremy Lamb || Reggie Jackson || Andre Roberson || Grant Jerrett || Ryan Gomes || Hasheem Thabeet || Daniel Orton || Diante Garrett || Royal Ivey || Ryan Bowen || Kevin Durant || Russell Westbrook || Serge Ibaka || Kendrick Perkins || Thabo Sefolosha || Kevin Martin || Caron Butler || Derek Fisher || Nick Collison || Steven Adams || Perry Jones || Jeremy Lamb || Reggie Jackson || Andre Roberson || Grant Jerrett || Ryan Gomes || Hasheem Thabeet || Daniel Orton || Diante Garrett || Royal Ivey || Ryan Bowen || Kevin Durant || Russell Westbrook || Serge Ibaka || Kendrick Perkins || Thabo Sefolosha || Kevin Martin || Caron Butler || Derek Fisher || Nick Collison || Steven Adams || Perry Jones || Jeremy Lamb || Reggie Jackson || Andre Roberson || Grant Jerrett || Ryan Gomes || Hasheem Thabeet || Daniel Orton || Diante Garrett || Royal Ivey || Ryan Bowen || Kevin Durant || Russell Westbrook || Serge Ibaka || Kendrick Perkins || Thabo Sefolosha || Kevin Martin || Caron Butler || Derek Fisher || Nick Collison || Steven Adams || Perry Jones || Jeremy Lamb || Reggie Jackson || Andre Roberson || Grant Jerrett || Ryan Gomes || Hasheem Thabeet || Daniel Orton || Diante Garrett || Royal Ivey || Ryan Bowen || Kevin Durant || Russell Westbrook || Serge Ibaka || Kendrick Perkins || Thabo Sefolosha || Kevin Martin || Caron Butler || Derek Fisher || Nick Collison || Steven Adams || Perry Jones || Jeremy Lamb || Reggie Jackson || Andre Roberson || Grant Jerrett || Ryan Gomes || Hasheem Thabeet,1,1988/9/7,114
Milwaukee Bucks,Giannis Sina Ugo Antetokounmpo,2,1994/12/6,115
Golden State Warriors,Stephen Curry,2,1988/3/14,116
Boston Celtics,Alfred Joel Horford Reynoso,0,1986/6/3,117
Miami Heat,Tyler Christopher Herro,0,2000/1/20,118
Miami Heat,Duncan McBryde Robinson,0,1994/4/22,119
Los Angeles Lakers,Anthony Marshon Davis Jr.,0,1993/3/11,12
Golden State Warriors || Minnesota Timberwolves || Memphis Grizzlies || San Antonio Spurs,Kyle Anderson,0,1993/9/20,120
Detroit Pistons,Cade Parker Cunningham,0,2001/9/25,121
Los Angeles Lakers,LeBron James,4,1984/2/30,122
Miami Heat,Jimmy Butler III,1,1989/9/14,123
Golden State Warriors,Kevon Grant Looney,0,1996/2/6,124
Chicago Bulls,Zachary Thomas LaVine,0,1995/3/10,125
Detroit Pistons,Jaden Edward Dhananjay Ivey,0,2002/2/13,126
Philadelphia 76ers,Kyle Terrell Lowry,0,1986/3/25,127
Chicago Bulls || Washington Wizards,Michael Jeffrey Jordan,5,1963/2/17,128
Phoenix Suns,Devin Armani Booker,0,1996/10/30,129
Golden State Warriors || New Jersey Nets || Dallas Mavericks || Boston Celtics || Phoenix Suns || Memphis Grizzlies || Houston Rockets,Brandan Keith Wright,0,1987/10/5,13
Golden State Warriors,Draymond Jamal Green,0,1990/3/4,130
San Antonio Spurs || Portland Trail Blazers || Sacramento Kings,Zach Collins,0,1997/11/19,131
Golden State Warriors,Jonathan Malangu Kuminga,0,2002/10/6,132
Chicago Bulls || Los Angeles Lakers || New Orleans Pelicans,Lonzo Anderson Ball,0,1997/10/27,133
Miami Heat,Jaime Jaquez Jr.,0,2001/2/18,134
Detroit Pistons,Ausar Thompson || Amen Thompson || LeBron James,0,2003/1/30,135
New York Knicks || Dallas Mavericks,Jalen Marquis Brunson,0,1996/8/31,136
Boston Celtics,Shaquille O'Neal,1,1972/3/6,137
Los Angeles Lakers,Kobe Bean Bryant,1,1978/8/23,138
San Antonio Spurs,Christopher Emmanuel Paul,0,1985/5/6,139
Minnesota Timberwolves,Askia Rahman Jones,0,1971/12/3,14
San Antonio Spurs || Dallas Mavericks || Sacramento Kings || Golden State Warriors,Harrison Bryce Jordan Barnes,1,1992/5/30,140
Miami Heat,"Edrice Femi ""Bam"" Adebayo",0,1997/7/18,141
Cleveland Cavaliers || Utah Jazz || Washington Wizards,Carrick Felix,0,1990/8/17,15
Cleveland Cavaliers,Mychel Thompson || Mychal Thompson || Klay Thompson,0,1988/6/1,16
Detroit Pistons || Denver Rockets || Carolina Cougars || Kentucky Colonels || Virginia Squires || Los Angeles Lakers,Marvin Roberts,0,1950/1/29,17
New York Knicks || Denver Nuggets || Portland Trail Blazers,"Kenneth ""Apple"" Green",0,1959/9/19,18
Cleveland Cavaliers || Miami Heat || Golden State Warriors,Gerald Madkins Jr.,0,1969/4/18,19
Dallas Mavericks || Washington Bullets || Denver Nuggets || San Antonio Spurs || Philadelphia 76ers || Los Angeles Lakers,Jay Fletcher Vincent || Sam Vincent,0,1959/6/10,2
New York Knicks,Donald Robert Anielak,0,1930/11/1,20
New York Knicks || New Jersey Nets || Chicago Bulls || Los Angeles Lakers,Philip Douglas Jackson,1,1945/9/17,21
Milwaukee Bucks || Orlando Magic || Vancouver Grizzlies || Utah Jazz || Los Angeles Clippers,Anthony Avent,0,1969/10/18,22
Philadelphia 76ers || Dallas Mavericks || Brooklyn Nets,Drew Edward Gordon || Aaron Gordon || Drew Gooden || LeBron James,0,1990/7/12,23
Detroit Pistons,Jarrett Matthew Jack,0,1983/10/28,24
Phoenix Suns || Atlanta Hawks || Dallas Mavericks,Rick Hughes,0,1973/8/22,25
Philadelphia 76ers || Indiana Pacers,Lavoy Allen,0,1989/2/4,26
Philadelphia Warriors,Edward Dahler Jr.,0,1926/1/31,27
Los Angeles Lakers,"Earvin ""Magic"" Johnson",3,1959/6/10,28
Boston Celtics,Stanley M. Noszka,0,1920/9/19,29
Denver Nuggets || Detroit Pistons || New York Knicks,Nikola Radičević,0,1994/4/25,3
Detroit Pistons,Isiah Lord Thomas III,1,1961/4/30,30
Portland Trail Blazers,Daniel Edward Anderson,0,1951/1/1 || 1943,31
Philadelphia 76ers || Brooklyn Nets || New Orleans Pelicans || Detroit Pistons || Atlanta Hawks,Jahlil Obika Okafor,0,1995/12/15,32
New York Knicks || San Antonio Spurs || Chicago Bulls,Kelvin Trent Tucker,0,1959/12/20,33
San Antonio Spurs || Sacramento Kings || New Jersey Nets || Indiana Pacers || Los Angeles Clippers || Boston Celtics,Dwayne Kenneth Schintzius,0,1968/10/14,34
Orlando Magic || Phoenix Suns || Los Angeles Lakers,Miles Julian Simon || Mike Bibby,0,1975/11/21,35
Warriors || Bulls || Royals || Bucks,Guy William Rodgers,0,1935/9/1,36
Denver Nuggets || San Antonio Spurs || Houston Rockets || Seattle SuperSonics,Vernon Maxwell || Cedric Maxwell,0,1965/9/12,37
San Antonio Spurs,Tim Duncan,2,1976/4/25,38
Portland Trail Blazers || San Antonio Spurs || New Jersey Nets || Houston Rockets,Walter Berry,0,1964/5/14,39
Rochester Royals,Francis Hugh Curran Sr.,0,1922/9/9,4
Philadelphia Warriors,James Patrick Walsh,0,1930/8/29,40
Charlotte Hornets || Golden State Warriors || Sacramento Kings || Phoenix Suns || Boston Celtics || Dallas Mavericks || Atlanta Hawks || Detroit Pistons,Tony Lorenzo Delk,0,1974/1/28,41
St. Louis Hawks || New York Knicks || Syracuse Nationals,Calvin Ramsey,0,1937/7/13,42
Milwaukee Hawks,Eugene Walter Dyker,0,1930/2/17,43
Houston Rockets || Cleveland Cavaliers,Derrick Joseph Chievous,0,1967/7/3 || 1992,44
Indiana Pacers,Rik Smits,0,1966/8/23,45
Minnesota Timberwolves,Anthony Edwards,0,2001/8/5,46
New York Knicks || Detroit Pistons,Harry Junior Gallatin,0,1927/4/26,47
Syracuse Nationals || Milwaukee Hawks,James J. Brasco,0,1931/2/3,48
Indiana Pacers || New York Nets || New Jersey Nets || Denver Nuggets || Kansas City Kings || Golden State Warriors,Darnell Hillman,0,1949/8/29,49
Cleveland Cavaliers || Washington Bullets || Golden State Warriors || Orlando Magic,William Mark Price || LeBron James || Josh Smith || Rajon Rondo || Larry Bird || Steve Kerr || Brian Shaw || David Vaughn III || Brent Price || Josh Price,0,1964/2/15,5
,"There is no NBA player mentioned in the context. The context is about a hockey player, Larry Clark Robinson.",0,1951/6/2,50
Memphis Grizzlies,Nicholas William Calathes,0,1989/2/7,51
Seattle SuperSonics,Rod Derline,0,1952/3/11,52
Miami Heat || Dallas Mavericks || New York Knicks || Phoenix Suns || Seattle SuperSonics || San Antonio Spurs || Milwaukee Bucks || Chicago Bulls || Portland Trail Blazers || New York Knicks,Kurt Vincent Thomas,0,1972/10/4,53
Phoenix Suns,Kevin Durant,1,1988/9/29,54
Utah Jazz || Milwaukee Bucks || Denver Nuggets || Vancouver Grizzlies || Seattle SuperSonics || Washington Wizards || New Jersey Nets || Toronto Raptors || New Orleans/Oklahoma City Hornets || Los Angeles Clippers,Aaron Williams,0,1971/10/2,55
Los Angeles Clippers || Toronto Raptors,Nathaniel Thomas Huffman,0,1975/4/2,56
Philadelphia 76ers || New Orleans Jazz,Freddie L. Boyd,0,1950/6/13,57
Phoenix Suns || Detroit Pistons || San Antonio Spurs,William Bedford,0,1963/12/14,58
Miami Heat || Atlanta Hawks || Portland Trail Blazers || San Antonio Spurs || New Orleans Hornets || Charlotte Bobcats || Miami Heat,Steven Delano Smith,0,1969/3/31,59
New Orleans Pelicans || Los Angeles Clippers || Sacramento Kings || Brooklyn Nets,David Michineau,0,1994/6/6,6
Portland Trail Blazers || Milwaukee Bucks || Toronto || Dallas || Phoenix || Los Angeles Lakers,Shawn Christopher Respert,0,1972/2/6,60
New York Knicks || San Antonio Spurs || Portland Trail Blazers || Washington Bullets/Wizards || Miami Heat || Minnesota Timberwolves || Orlando Magic || Toronto Raptors || Houston Rockets,Rodney Strickland,0,1966/7/11,61
Milwaukee Hawks,Elmer H. Behnke,0,1929/2/3,62
Cleveland Cavaliers || San Antonio Spurs || Boston Celtics || Memphis Grizzlies,Lamar Brandon Stevens,0,1997/7/9,63
,Ronald Moore || John Salmons,0,1988/7/14,64
San Antonio Spurs,Erazem Lorbek,0,1984/2/21,65
Sheboygan Red Skins || Chicago Stags,"Marvin ""Mickey"" Rottner",0,1919/3/23,66
Oklahoma City Thunder || Detroit Pistons || Washington Wizards,Hamidou Diallo,0,1998/7/31,67
Oklahoma City Thunder || Charlotte Bobcats || Boston Celtics || Brooklyn Nets || Chicago Bulls,"Dewayne ""D. J."" White, Jr.",0,1986/8/31,68
Phoenix Suns || Cleveland Cavaliers || Orlando Magic || Chicago Bulls || San Antonio Spurs || Portland Trail Blazers || Golden State Warriors,Stephen Douglas Kerr,1,1965/9/27,69
Detroit Pistons || Brooklyn Nets || Toronto Raptors || Orlando Magic,Donta Hall,0,1997/8/7,7
Washington Bullets || Atlanta Hawks || Milwaukee Bucks || Chicago Bulls || Minnesota Timberwolves || Utah Jazz || Seattle SuperSonics || Los Angeles Lakers || Toronto Raptors || Philadelphia 76ers || Indiana Pacers,Gregory Clinton Foster || Gary Payton || Tim Hardaway || Antonio Davis || Sam Bowie || Goga Bitadze,0,1968/10/3,70
Los Angeles Lakers || Detroit Pistons || Buffalo Braves || Chicago Bulls,William Severlyn Hewitt,0,1944/8/8,71
Boston Celtics || Seattle SuperSonics,Joseph Xavier Forte,0,1981/3/23,72
Boston Celtics,Dino Rađa,0,1967/4/24,73
Seattle SuperSonics,Mark Jeffrey Radford,0,1959/7/5,74
Denver Nuggets || Houston Rockets,"Konstantinos ""Kostas"" Papanikolaou",0,1990/7/31,75
Washington Bullets,Garrett David Witts,0,1959/7/3,76
Portland Trail Blazers,Jabari Dominic Walker || Samaki Walker || Dibaji Walker,0,2002/7/30,77
Los Angeles Lakers || Brooklyn Nets || San Antonio Spurs,Devontae Calvin Cacok,0,1996/10/8,78
Memphis Grizzlies || Denver Nuggets || Atlanta Hawks || Cleveland Cavaliers,Brandon Goodwin,0,1995/10/2,79
Dallas Mavericks || New York Knicks || Vancouver Grizzlies || Boston Celtics || Indiana Pacers || Milwaukee Bucks,"Demerick Montae ""Erick"" Strickland",0,1973/11/25,8
Fort Wayne Pistons,Richard Anthony Rosenthal,0,1933/1/20,80
Chicago Bulls || New York Knicks || Golden State Warriors || Atlanta Hawks || Portland Trail Blazers || Los Angeles Clippers || Minnesota Timberwolves || Phoenix Suns || Brooklyn Nets,Aaron Jamal Crawford,0,1980/3/20,81
New Jersey Nets || Atlanta Hawks || Washington Wizards || Boston Celtics || Golden State Warriors || New Orleans Pelicans,Jordan Lee Crawford,0,1988/10/23,82
San Antonio Spurs || Houston Rockets,Thomas James Copa,0,1964/10/30,83
Los Angeles Lakers || Boston Celtics || San Diego Clippers || Portland Trail Blazers || Golden State Warriors,Kermit Alan Washington || Rudy Tomjanovich || Kareem Abdul-Jabbar || Jerry West || Kevin Kunnert || John Lucas || Dave Cowens || Maurice Lucas || Kevin Duckworth || LeBron James,0,1951/9/17,84
Minnesota Timberwolves || Golden State Warriors || Utah Jazz || Chicago Bulls || Toronto Raptors || Cleveland Cavaliers || Seattle SuperSonics || Philadelphia 76ers,Donyell Lamar Marshall || LeBron James || Kobe Bryant || Karl Malone || John Stockton || Jalen Rose || Kendall Gill || Jay Williams || Eddy Curry || Tyson Chandler || Antonio Davis || Jerome Williams || Chris Jefferies || Lonny Baxter || Stephen Curry,0,1973/5/18,85
,Wayne Robinson,0,1930/1/14,86
New York Knicks,Gregory Paul Fillmore,0,1947/3/7,87
Houston Rockets || Golden State Warriors || Washington Bullets || San Antonio Spurs || Milwaukee Bucks || Los Angeles Clippers || Cleveland Cavaliers || Philadelphia 76ers || Denver Nuggets,John Harding Lucas II,0,1953/10/31,88
New York Knicks || Milwaukee Hawks,Richard Clifford Surhoff Jr.,0,1929/11/16,89
San Francisco Warriors || Phoenix Suns,David Lattin,0,1943/12/23,9
Boston Celtics,Garfield Smith,0,1945/11/18,90
Syracuse Nationals,Leroy Patrick Chollet,0,1925/3/5,91
Philadelphia 76ers || Milwaukee Bucks || Chicago Bulls || Charlotte Hornets || Houston Rockets || Orlando Magic,Michael Carter-Williams,0,1991/10/10,92
Brooklyn Nets,Dennis Schröder,0,1993/9/15,93
Cincinnati Royals,Jack Parr,0,1936/3/13,94
Philadelphia 76ers || Dallas Mavericks,"DaMon William ""Monti"" Davis",0,1958/7/26,95
Utah Jazz,Eric Johnson Jones || Vinnie Johnson,0,1966/2/7,96
New York Knicks || Baltimore Bullets,Sidney Harold Tanenbaum,0,1925/10/8,97
Golden State Warriors,Trayce Jackson-Davis,0,2000/2/22,98
Philadelphia 76ers || Chicago Bulls || Brooklyn Nets || Los Angeles Lakers || Cleveland Cavaliers || Detroit Pistons,Andre Jamal Drummond,0,1993/8/10,99
