player.team,min_player_olympic_gold_medals
Detroit Pistons,0.0
Dallas Mavericks,0.0
Cleveland Cavaliers,0.0
Portland Trail Blazers,0.0
Toronto Raptors,0.0
Orlando Magic,0.0
Los Angeles Clippers,
Washington Wizards,2.0
Golden State Warriors,0.0
Memphis Grizzlies,0.0
Brooklyn Nets,0.0
Boston Celtics,0.0
Phoenix Suns,0.0
Minnesota Timberwolves,1.0
Miami Heat,0.0
Los Angeles Lakers,0.0
Milwaukee Bucks,0.0
Utah Jazz,0.0
New York Knicks,0.0
Sacramento Kings,0.0
Philadelphia 76ers,0.0
Chicago Bulls,0.0
Indiana Pacers,0.0
Houston Rockets,0.0
San Antonio Spurs,0.0
