ID,championship,founded_year,location,ownership,team_name
1,1,1946,Atlanta,Ben Kerner||Leo Ferris||Tom Cousins||Carl Sanders||Ted Turner||Time Warner||Bruce Levenson||Atlanta Spirit LLC||Tony Ressler||Grant Hill||Steven Price||Rick Schnall||Sara Blakely||Jesse Itzler||Jami Gertz,Atlanta Hawks||St. Louis Hawks||Milwaukee Hawks||Tri‑Cities Blackhawks||Buffalo Bisons
2,18,1946,Boston,Walter A. Brown || Irv Levin || John Y. Brown Jr. || Harry Mangurian || Paul Gaston || H. Irving Grousbeck || Wycliffe Grousbeck || Steve Pagliuca,Boston Celtics
3,2,1967,Brooklyn,Arthur J. Brown || Roy Boe || Alan N. Cohen || Joseph Taub || Raymond Chambers || Lewis Katz || Bruce Ratner || Mikhail Prokhorov || Joseph Tsai || Jay‑Z || Will Pan,Brooklyn Nets||New Jersey Americans||New York Nets||New Jersey Nets
4,,1988,Charlotte,George Shinn||Robert L. Johnson||Michael Jordan||Gabe Plotkin||Rick Schnall,Charlotte Hornets||Charlotte Bobcats||New Orleans Hornets||New Orleans Pelicans
5,6,1966,Chicago,Dick Klein||Wirtz family||Jerry Reinsdorf,Chicago Bulls
6,1,1970,Cleveland,Ted Stepien||George Gund||Gordon Gund||Dan Gilbert,Cleveland Cavaliers
7,1,1980,Dallas,Miriam Adelson||Patrick Dumont||Mark Cuban,Dallas Mavericks
8,1,1967,Denver,Bill Ringsby || Frank Goldberg || Bud Fischer || Red McCombs || Sidney Shlenker || COMSAT || Bill Laurie || Nancy Laurie || Donald Sturm || Stan Kroenke,Denver Nuggets
9,3,1937,Detroit,Fred Zollner || Bill Davidson || Tom Gores,Detroit Pistons
10,7,1946,San Francisco,Joe Lacob||Peter Guber||Vivek Ranadivé||Erika Glazer||Fred Harman||Bob Piccinini||Larry Bowman||Danny German||Marty Glick||Chad Hurley||Craig R. Johnson||Bruce Karsh||Jeffrey A. Miller||Paul Schaeffer||David Scially||Nick Swinmurn||Harry Tsao||John Walecka||Dennis Wong||Chamath Palihapitiya,Golden State Warriors
11,2,1967,Houston,Robert Breitbard || Texas Sports Investments || Kenneth Schnitzer || George Maloof || Charlie Thomas || Sidney Shlenker || Leslie Alexander || Tilman Fertitta,Houston Rockets||San Diego Rockets
12,3,1967,Indianapolis,,Indiana Pacers
13,0,1970,Los Angeles||Inglewood,Donald Sterling||Steve Ballmer,Los Angeles Clippers||Buffalo Braves||San Diego Clippers
14,17,1946,Los Angeles,Jeanie Buss||Jerry Buss||Jack Kent Cooke||Bob Short||Ben Berger||Morris Chalfen||Philip Anschutz||Magic Johnson,Los Angeles Lakers
15,,1995,Memphis,Robert J. Pera,Memphis Grizzlies||Vancouver Grizzlies
16,3,1988,Miami,Micky Arison,Miami Heat
17,2,1968,Milwaukee,Herb Kohl||Wes Edens||Marc Lasry||Jamie Dinan||Jim Fitzgerald,Milwaukee Bucks
18,0,1989,Minneapolis,Glen Taylor,Minnesota Timberwolves
19,0,2002,New Orleans,George Shinn || NBA || Tom Benson || Gayle Benson,New Orleans Pelicans
20,2,1946,New York City||Manhattan,James Dolan,New York Knicks
21,1,1967,Oklahoma City,Clay Bennett,Oklahoma City Thunder
22,0,1989,Orlando,Richard DeVos || Bob Vander Weide,Orlando Magic
23,3,1946,Philadelphia,Harris Blitzer Sports & Entertainment (HBSE)||Josh Harris||David Blitzer,Philadelphia 76ers||Syracuse Nationals
24,0,1968,Phoenix,Mat Ishbia||Justin Ishbia,Phoenix Suns
25,1,1970,Portland,Larry Weinberg || Paul Allen || Jody Allen,Portland Trail Blazers
26,1,1923,Sacramento,Vivek Ranadivé || Shaquille O'Neal,Sacramento Kings
27,5,1967,San Antonio,Angelo Drossos||John Schaefer||Red McCombs||Peter M. Holt,San Antonio Spurs
28,1,1995,Toronto,John Bitove||Allan Slaight||Maple Leaf Sports & Entertainment (MLSE),Toronto Raptors
29,,1974,Salt Lake City,Ryan Smith || Dwyane Wade,Utah Jazz
30,1,1961,"Washington, D.C.",,Washington Wizards || Washington Bullets
