state_name,city_name,population,id
Colorado,Denver,715522,1
Oregon,Portland,"652,503",10
California,San Francisco,808988,11
Pennsylvania,Philadelphia,1603797,12
Louisiana,New Orleans,"383,997",13
Illinois,Chicago,2746388,14
Florida,Orlando,307573,15
Utah,Salt Lake City,200133,16
Arizona,Phoenix,1662607,18
Massachusetts,Boston,675647,2
Ohio,Cleveland,"372,624",20
Texas,Houston,2314157,21
California,Sacramento,524943,22
Michigan,Detroit,"639,111",23
Tennessee,Memphis,633104,24
North Carolina,Charlotte,874579,25
New York,New York City,8258035,26
Oklahoma,Oklahoma City,681054,27
Wisconsin,Milwaukee,"577,222",28
Georgia,Atlanta,"510,823",29
Indiana,Indianapolis,887642,3
Texas,Dallas,1304379,4
Texas,San Antonio,1434625,5
California,Los Angeles,"3,820,914",6
Minnesota,Minneapolis,429954,7
Florida,Miami,442241,8
California,Inglewood,"107,762",9
