gdp,state_name,population,id
"The context provided does not contain a specific value for the gross domestic product (GDP) of Denver. Therefore, the answer is:",Colorado,"Population: 715,522",1
"In the provided context, the gross domestic product (GDP) of Boston is not explicitly stated. However, it mentions that the Greater Boston metropolitan area has the sixth-largest economy in the country with a GDP of $363 billion. To convert this to millions, we divide by 1,000:",Massachusetts,675647,2
"The context provided does not contain a direct mention of the city's GDP. However, it states that ""Indianapolis anchors the 29th largest metropolitan economy in the U.S., with a gross domestic product of US$184.4 billion in 2022.""",Indiana,887642,3
"The context provided does not contain a specific value for the gross domestic product (GDP) of Dallas. Therefore, the answer is:",Texas,"The population of Dallas, as provided in the context, is 1,304,379 according to the 2020 United States census.",4
"The context provided mentions that ""San Antonio has a diversified economy with a gross domestic product (GDP) of approximately $121 billion in 2018."" Therefore, the GDP of San Antonio in the context is:",Texas,"The population of San Antonio, according to the 2020 U.S. Census, is 1,434,625.",5
The context provides the following information about the GDP of Los Angeles:,California,"Population: 3,820,914 || 12.8 million (metropolitan area)",6
"The context provided does not contain a direct mention of Minneapolis's Gross Domestic Product (GDP). However, it does state that the Twin Cities metropolitan area's GDP was $323.9 billion in 2022 ($337 billion in 2023). Since Minneapolis is part of the Twin Cities metropolitan area, we can infer the city's contribution to this GDP, but the exact figure for Minneapolis alone is not specified in the text.",Minnesota,"The population of Minneapolis, as of the 2020 census, is 429,954.",7
"The context provides information about Miami, including its economy and gross domestic product (GDP). Specifically, it states:",Florida,442241,8
"The context provided does not contain any information about the gross domestic product (GDP) of Inglewood, California. Therefore, the answer is:",California,107762,9
"In the provided context, there is no specific mention of Portland's Gross Domestic Product (GDP). Therefore, the GDP value is not applicable.",Oregon,"Population: 652,503 || 2.5 million (Portland metropolitan area)",10
"In the provided context, the GDP of San Francisco is mentioned as $729 billion in 2022. To express this in the requested format (in millions), we convert the billion figure to millions:",California,"The population of San Francisco, as of the 2020 United States census, is 873,965.",11
"The context provides information about Philadelphia's economy, mentioning that the Philadelphia metropolitan area's gross metropolitan product (GMP) was estimated at US$479 billion in 2021. Since GMP is equivalent to GDP for a metropolitan area, the GDP of Philadelphia in millions of dollars is **479**.",Pennsylvania,population: 1603797,12
"The context provided does not contain any specific mention of the gross domestic product (GDP) of New Orleans. Therefore, the GDP value is not applicable in this case.",Louisiana,Population: 383997,13
**GDP:** 670.5 || 670.5 million USD (as of September 2017 estimates),Illinois,population: 2700000,14
"The context provided does not contain any specific information about the gross domestic product (GDP) of Orlando, Florida. Therefore, the GDP value is not applicable in this case.",Florida,307573,15
"The context provided does not include a specific value for the Gross Domestic Product (GDP) of Salt Lake City. Therefore, the answer is:",Utah,**Population:** 200133,16
"The context provided does not contain a specific value for the gross domestic product (GDP) of Toronto. Therefore, the GDP value is not applicable in this case.",Ontario,**Population:** 2794356,17
GDP: 243 ||,Arizona,"Population: 1,608,139 || 1,445,632 (2010) || 1,512,986 (2006)",18
"The context provides information about Washington, D.C., including its history, geography, demographics, economy, and various other aspects. However, it does not explicitly state the Gross Domestic Product (GDP) of the city.",District of Columbia,705749,19
"The context provides the GDP for the Greater Cleveland Metropolitan Statistical Area (MSA) as $138.3 billion in 2022. When expressed in millions, this is 138,300 million. Therefore, the GDP in the requested format is:",Ohio,372624,20
The context provides the following information about the GDP of Houston:,Texas,"Population: 2,304,580",21
"The context provided does not contain any specific information about the gross domestic product (GDP) of Sacramento, California. Therefore, the GDP value is not applicable in this case.",California,"The population of Sacramento, as reported in the 2020 United States Census, is 524,943.",22
"The context provided does not contain any specific information about the gross domestic product (GDP) of Detroit. Therefore, the GDP value is not applicable in this case.",Michigan,population: 639111,23
"The context provided does not contain any specific information about the gross domestic product (GDP) of Memphis, Tennessee. Therefore, the GDP value is not applicable in this case.",Tennessee,Population: 633104 || 1316100,24
"The context provided does not contain a specific mention of Charlotte, North Carolina's gross domestic product (GDP). Therefore, the GDP value is not available from the given information.",North Carolina,874579,25
2.16 ||,New York,"8,804,190",26
"The context provided does not contain a specific value for the gross domestic product (GDP) of Oklahoma City. Therefore, the answer is:",Oklahoma,"The population of Oklahoma City, as given in the context, is 681,054 according to the 2020 census.",27
"The context provided does not explicitly state the Gross Domestic Product (GDP) of Milwaukee. However, it mentions that Milwaukee is categorized as a ""Gamma minus"" city by the Globalization and World Cities Research Network, with a regional GDP of over $102 billion in 2020. Since this GDP figure pertains to the broader metropolitan area rather than the city itself, and no specific city-level GDP is given, the answer is:",Wisconsin,577222,28
**GDP:** 7.73 || 385 (in billions),Georgia,population: 498715,29
