player.name,player.position,team.championship,team.founded_year,player.id,team.id
Antonius Cleveland,Frontcourt,1.0,1980,1,7
Jay Fletcher Vincent,Frontcourt,17.0,1946,2,14
William Mark Price,Backcourt,0.0,1989,5,22
Donta Hall,Frontcourt,0.0,1989,7,22
Demerick Montae Strickland,Backcourt,2.0,1968,8,17
David Lattin,Frontcourt,0.0,1968,9,24
Anthony Marshon Davis Jr.,Frontcourt,17.0,1946,12,14
Mychel Thompson,Backcourt,1.0,1970,16,6
Marvin Roberts,,17.0,1946,17,14
"Kenneth ""Apple"" Green",,2.0,1946,18,20
Gerald Madkins Jr.,Backcourt,7.0,1946,19,10
Donald Robert Anielak,,2.0,1946,20,20
Anthony Avent,,0.0,1970,22,13
Rick Hughes,Frontcourt,1.0,1980,25,7
"Earvin ""Magic"" Johnson Jr.",Backcourt,17.0,1946,28,14
Stanley M. Noszka,,18.0,1946,29,2
Daniel Edward Anderson,,1.0,1970,31,25
Kelvin Trent Tucker,Backcourt,6.0,1966,33,5
Dwayne Kenneth Schintzius,Frontcourt,18.0,1946,34,2
Miles Julian Simon,Backcourt,0.0,1968,35,24
Guy William Rodgers,Backcourt,2.0,1968,36,17
Timothy Theodore Duncan,Frontcourt,5.0,1967,38,27
Derrick Joseph Chievous,Frontcourt,1.0,1970,44,6
Kurt Vincent Thomas,Frontcourt,2.0,1946,53,20
Kevin Wayne Durant,Frontcourt,0.0,1968,54,24
Aaron Williams,Frontcourt,0.0,1970,55,13
Nathaniel Thomas Huffman,Frontcourt,1.0,1995,56,28
William Bedford,Frontcourt,5.0,1967,58,27
Steven Delano Smith,Backcourt,3.0,1988,59,16
Shawn Christopher Respert,Backcourt,0.0,1968,60,24
Stephen Douglas Kerr,Backcourt,5.0,1967,69,27
Gregory Clinton Foster,Frontcourt,1.0,1995,70,28
William Severlyn Hewitt,Frontcourt,6.0,1966,71,5
Dino Rađa,Frontcourt,18.0,1946,73,2
Konstantinos Papanikolaou,Frontcourt,1.0,1967,75,8
Jabari Dominic Walker,Frontcourt,1.0,1970,77,25
Devontae Calvin Cacok,Frontcourt,5.0,1967,78,27
Brandon Goodwin,Backcourt,2.0,1946,79,20
Thomas James Copa,,5.0,1967,83,27
Kermit Alan Washington,Frontcourt,7.0,1946,84,10
Gregory Paul Fillmore,Frontcourt,2.0,1946,87,20
John Harding Lucas II,Backcourt,2.0,1968,88,17
Garfield Smith,,18.0,1946,90,2
Michael Carter-Williams,Backcourt,0.0,1989,92,22
"DaMon William ""Monti"" Davis",Frontcourt,1.0,1980,95,7
Trayce Jackson-Davis,Frontcourt,7.0,1946,98,10
Andre Jamal Drummond,Frontcourt,3.0,1946,99,23
Chavano Rainer Hield,Backcourt,7.0,1946,100,10
D'Angelo Russell,Backcourt,17.0,1946,101,14
Kyrie Andrew Irving,Backcourt,1.0,1980,104,7
Jayson Christopher Tatum,Frontcourt,18.0,1946,105,2
Andrew Christian Wiggins,Frontcourt,7.0,1946,107,10
Ogugua Anunoby Jr.,Frontcourt,2.0,1946,109,20
Jaylen Marselles Brown,Backcourt || Frontcourt,18.0,1946,110,2
Victor Wembanyama,Frontcourt,5.0,1967,111,27
Jrue Randall Holiday,Backcourt,18.0,1946,112,2
Austin Tyler Reaves,Backcourt,17.0,1946,113,14
Kevin Wesley Love,Frontcourt,3.0,1988,114,16
Giannis Antetokounmpo || Giannis Sina Ugo Antetokounmpo,Frontcourt,2.0,1968,115,17
Wardell Stephen Curry II,Backcourt,7.0,1946,116,10
Alfred Joel Horford Reynoso,Frontcourt,18.0,1946,117,2
Kyle Forman Anderson,Frontcourt,7.0,1946,120,10
LeBron Raymone James Sr.,Frontcourt,17.0,1946,122,14
Kevon Grant Looney,Frontcourt,7.0,1946,124,10
Zachary Thomas LaVine,Backcourt,6.0,1966,125,5
Devin Armani Booker,Backcourt,0.0,1968,129,24
Draymond Jamal Green,Frontcourt,7.0,1946,130,10
Zach Collins,Frontcourt,5.0,1967,131,27
Jonathan Malangu Kuminga,Frontcourt,7.0,1946,132,10
Lonzo Anderson Ball,Backcourt,6.0,1966,133,5
Jalen Marquis Brunson,Backcourt,2.0,1946,136,20
Shaquille Rashaun O'Neal,Frontcourt,18.0,1946,137,2
Kobe Bryant,Backcourt,17.0,1946,138,14
Christopher Emmanuel Paul,Backcourt,5.0,1967,139,27
Harrison Bryce Jordan Barnes,Frontcourt,5.0,1967,140,27
