id,reviewId,reviewId2
ant_man_and_the_wasp_quantumania,102779486,102779521
ant_man_and_the_wasp_quantumania,102779486,102780668
ant_man_and_the_wasp_quantumania,102779486,102779545
ant_man_and_the_wasp_quantumania,102779486,102780403
ant_man_and_the_wasp_quantumania,102779486,102782426
ant_man_and_the_wasp_quantumania,102779486,102779507
ant_man_and_the_wasp_quantumania,102779486,102780792
ant_man_and_the_wasp_quantumania,102779486,102781469
ant_man_and_the_wasp_quantumania,102779486,102780259
ant_man_and_the_wasp_quantumania,102779486,102781057
