player.nationality,player.age,team.location,team.team_name,player.id,team.id
Bahamian,33,San Francisco,Golden State Warriors,100,10
American,29,Los Angeles,Los Angeles Lakers,101,14
Cameroonian-American,31,Philadelphia,Philadelphia 76ers,102,23
American,35,Philadelphia,Philadelphia 76ers,103,23
American,33,Dallas,Dallas Mavericks,104,7
American,27,Boston,Boston Celtics,105,2
American,30,Philadelphia,Philadelphia 76ers,106,23
Canadian,30,San Francisco,Golden State Warriors,107,10
American,24,Philadelphia,Philadelphia 76ers,108,23
American,51,Sacramento,Sacramento Kings,11,26
American,29,Boston,Boston Celtics,110,2
French,21,San Antonio,San Antonio Spurs,111,27
American,35,Boston,Boston Celtics,112,2
American,27,Los Angeles,Los Angeles Lakers,113,14
American,37,Miami,Miami Heat,114,16
Greek and Nigerian,31,Milwaukee,Milwaukee Bucks,115,17
American,37,San Francisco,Golden State Warriors,116,10
Dominican,39,Boston,Boston Celtics,117,2
American,25,Miami,Miami Heat,118,16
American,31,Miami,Miami Heat,119,16
American,32,Los Angeles,Los Angeles Lakers,12,14
American-Chinese,32,San Francisco,Golden State Warriors,120,10
American,24,Detroit,Detroit Pistons,121,9
American,41,Los Angeles,Los Angeles Lakers,122,14
American,36,Miami,Miami Heat,123,16
American,29,San Francisco,Golden State Warriors,124,10
American,30,Chicago,Chicago Bulls,125,5
American,23,Detroit,Detroit Pistons,126,9
American,39,Philadelphia,Philadelphia 76ers,127,23
American,29,Phoenix,Phoenix Suns,129,24
American,35,San Francisco,Golden State Warriors,130,10
American,28,San Antonio,San Antonio Spurs,131,27
Congolese,23,San Francisco,Golden State Warriors,132,10
American,28,Chicago,Chicago Bulls,133,5
Mexican-American,24,Miami,Miami Heat,134,16
American,22,Detroit,Detroit Pistons,135,9
American,40,San Antonio,San Antonio Spurs,139,27
American,33,San Antonio,San Antonio Spurs,140,27
American,28,Miami,Miami Heat,141,16
American,42,Detroit,Detroit Pistons,24,9
American,64,Detroit,Detroit Pistons,30,9
American,74,Portland,Portland Trail Blazers,31,25
American,49,San Antonio,San Antonio Spurs,38,27
Dutch,59,Indianapolis,Indiana Pacers,45,12
American,24,Minneapolis,Minnesota Timberwolves,46,18
American,37,Phoenix,Phoenix Suns,54,24
American,28,Memphis,Memphis Grizzlies,63,15
American,57,Indianapolis,Indiana Pacers,70,12
American,23,Portland,Portland Trail Blazers,77,25
American-Spanish,59,Salt Lake City,Utah Jazz,96,29
American,25,San Francisco,Golden State Warriors,98,10
American,32,Philadelphia,Philadelphia 76ers,99,23
