team,min_fiba_world_cup
Detroit Pistons,0.0
Miami Heat || Dallas Mavericks || New York Knicks || Phoenix Suns || Seattle SuperSonics || San Antonio Spurs || Milwaukee Bucks || Chicago Bulls || Portland Trail Blazers || New York Knicks,0.0
Capital City Go-Go,0.0
Dallas Mavericks,1.0
Denver Nuggets || Detroit Pistons || New York Knicks,0.0
Capitanes de Arecibo,1.0
New York Knicks,1.0
,0.0
Golden State Warriors || U.S. national team,1.0
Brooklyn Nets,1.0
Golden State Warriors,0.0
Boston Celtics || Seattle SuperSonics,0.0
San Antonio Spurs || New Orleans Hornets || Charlotte Bobcats || Miami Heat,1.0
Boston Celtics || Philadelphia 76ers || Los Angeles Lakers,1.0
Milwaukee Bucks,1.0
Minnesota Timberwolves,1.0
Phoenix Suns,0.0
Boston Celtics,1.0
Miami Heat,0.0
Minnesota Timberwolves || Venezuela national basketball team,0.0
New Jersey Nets || Denver Nuggets || Kansas City Kings || Golden State Warriors,1.0
Toronto Raptors,0.0
San Antonio Spurs || San Antonio Spurs (2016 NBA Summer League),1.0
Capitanes de Ciudad de México,1.0
||,1.0
Dallas Mavericks || Cleveland Cavaliers || Washington Bullets || Golden State Warriors || Orlando Magic,1.0
San Antonio Spurs,0.0
AS Monaco,1.0
Los Angeles Lakers ||,1.0
Gigantes de Carolina,1.0
Houston Rockets || Los Angeles Clippers || San Antonio Spurs || Philadelphia 76ers || Cleveland Cavaliers || Milwaukee Bucks || Washington Bullets || Golden State Warriors || Houston Rockets (previous stint) || San Antonio Spurs (previous stint) || Houston Rockets (current as of 2020) || Houston Rockets (player development coach as of 2016),1.0
Los Angeles Lakers,1.0
Erie BayHawks || Cleveland Cavaliers || Erie BayHawks || Sioux Falls Skyforce || Santa Cruz Warriors || Pallacanestro Varese || Santa Cruz Warriors,0.0
Indiana Pacers,1.0
Olympiacos,1.0
Brooklyn Nets ||,1.0
Philadelphia 76ers,1.0
Chicago Bulls,1.0
