nationality,olympic_gold_medals,fiba_world_cup,id
USA,,,1
USA,,,2
USA,2.0,1.0,5
USA,0.0,,9
USA,2.0,1.0,12
USA,0.0,,13
USA,0.0,,15
USA,0.0,0.0,16
USA,0.0,,17
USA,0.0,1.0,21
USA,0.0,0.0,23
USA,0.0,1.0,24
USA,0.0,,26
USA,3.0,1.0,28
USA,2.0,1.0,30
USA || Nigeria,2.0,1.0,32
USA,,,33
USA,0.0,,34
USA,,,35
USA,,,36
USA,0.0,,37
USA,2.0,2.0,38
USA,1.0,,39
USA,0.0,,41
USA,,,42
Netherlands,0.0,1.0,45
USA,1.0,1.0,46
USA,,,47
USA,0.0,1.0,49
USA || Greece,0.0,0.0,51
USA,0.0,0.0,53
USA,4.0,1.0,54
USA,0.0,0.0,56
USA,,,58
USA,1.0,1.0,59
USA,0.0,,61
USA,,,63
Slovenia,0.0,1.0,65
USA,0.0,0.0,67
USA,4.0,1.0,69
USA,,,70
USA,0.0,0.0,72
Croatia,0.0,1.0,73
Greece,2.0,1.0,75
USA,0.0,,78
USA,0.0,,79
USA,0.0,1.0,81
USA,,,84
USA,,,85
USA,0.0,1.0,88
USA,,,91
USA,,1.0,92
Germany,0.0,1.0,93
USA,0.0,0.0,98
USA,0.0,1.0,99
Bahamas,0.0,1.0,100
USA,0.0,1.0,101
USA || France || Cameroon,1.0,1.0,102
USA,2.0,1.0,103
USA || Australia,2.0,1.0,104
USA,2.0,1.0,105
USA,0.0,,106
Canada,2.0,1.0,107
UK,0.0,,109
USA,0.0,1.0,110
France,1.0,0.0,111
USA,2.0,1.0,112
USA || Germany,0.0,1.0,113
USA,2.0,1.0,114
Greece || Nigeria,3.0,1.0,115
USA,2.0,2.0,116
Dominican Republic,2.0,1.0,117
USA,0.0,1.0,118
USA,2.0,0.0,119
USA || China,2.0,1.0,120
USA,1.0,1.0,121
USA,3.0,1.0,122
USA,2.0,1.0,123
USA,2.0,1.0,124
USA,1.0,1.0,125
USA,0.0,0.0,126
USA,1.0,1.0,127
USA,2.0,1.0,128
USA,2.0,0.0,129
USA,3.0,1.0,130
USA,0.0,0.0,131
DR Congo || USA,0.0,0.0,132
USA,2.0,1.0,133
USA || Mexico,0.0,1.0,134
USA,0.0,,135
USA,2.0,1.0,136
USA,2.0,1.0,137
USA,2.0,2.0,138
USA,3.0,1.0,139
USA,1.0,1.0,140
USA || Nigeria,2.0,1.0,141
