draft_year,age,fiba_world_cup,id
1981.0,65,,2
2015.0,30,,3
1986.0,60,1.0,5
2016.0,30,,6
1967.0,81,,9
2012.0,31,1.0,12
2007.0,37,,13
2013.0,34,,15
1971.0,74,,17
1981.0,65,,18
1954.0,65,,20
1967.0,79,,21
1991.0,55,,22
2005.0,41,,24
2011.0,35,,26
1950.0,86,,27
1979.0,65,,28
1981.0,63,,30
1974.0,74,,31
2015.0,29,,32
1982.0,65,,33
1990.0,43,,34
1958.0,65,,36
1988.0,59,,37
1997.0,48,,38
1986.0,60,,39
,45,,40
1996.0,50,,41
1959.0,81,,42
1953.0,35,,43
1988.0,57,,44
1988.0,58,,45
2020.0,23,,46
1947.0,88,,47
1952.0,83,,48
1971.0,75,,49
2009.0,35,,51
1974.0,72,,52
1995.0,52,,53
2007.0,36,1.0,54
1972.0,73,,57
1986.0,61,,58
1991.0,55,1.0,59
1995.0,52,,60
1988.0,58,,61
1951.0,89,,62
2005.0,40,,65
2018.0,26,,67
2008.0,38,,68
1988.0,59,1.0,69
1990.0,56,,70
2001.0,43,,72
1989.0,57,,73
1981.0,65,,74
2012.0,34,,75
1954.0,91,,80
2000.0,44,,81
2010.0,36,,82
1973.0,73,,84
1994.0,51,,85
1970.0,77,,87
1976.0,71,,88
1952.0,57,,89
1968.0,79,,90
2013.0,33,,92
2013.0,31,1.0,93
1958.0,78,,94
1980.0,54,,95
2012.0,31,1.0,99
2016.0,32,,100
2015.0,28,,101
2014.0,30,,102
2010.0,34,,103
2011.0,32,1.0,104
2017.0,26,,105
2014.0,29,,107
2017.0,27,,109
2016.0,28,,110
2009.0,34,,112
2008.0,36,1.0,114
2013.0,30,,115
2009.0,36,2.0,116
2007.0,38,,117
2014.0,31,,120
2003.0,40,,122
2011.0,35,,123
2015.0,28,,124
2014.0,29,,125
2006.0,38,,127
1984.0,61,,128
2015.0,28,,129
2012.0,34,,130
2017.0,27,,131
2017.0,27,,133
2018.0,28,,136
1992.0,52,1.0,137
1996.0,41,,138
2005.0,39,1.0,139
2012.0,32,,140
2017.0,27,,141
