founded_year,team_name,location,id
1946,Atlanta Hawks || St. Louis Hawks || Milwaukee Hawks || Tri‑Cities Blackhawks || Buffalo Bisons,Atlanta,1
1946,Golden State Warriors,San Francisco,10
1967,Houston Rockets || San Diego Rockets,Houston,11
1967,Indiana Pacers,Indianapolis,12
1970,Los Angeles Clippers,Los Angeles,13
1946,Los Angeles Lakers,Los Angeles,14
1995,Memphis Grizzlies || Vancouver Grizzlies,Memphis,15
1988,Miami Heat,Miami,16
1968,Milwaukee Bucks,Milwaukee,17
1989,Minnesota Timberwolves,Minneapolis,18
2002,New Orleans Pelicans,New Orleans,19
1946,Boston Celtics,Boston,2
1946,New York Knicks,New York City || Manhattan,20
1989,Orlando Magic,Orlando,22
1946,Philadelphia 76ers,Philadelphia,23
1968,Phoenix Suns,Phoenix,24
1970,Portland Trail Blazers,Portland,25
1923,Sacramento Kings,Sacramento,26
1967,San Antonio Spurs,San Antonio,27
1995,Toronto Raptors,Toronto,28
1974,Utah Jazz || New Orleans Jazz,Salt Lake City,29
1967,Brooklyn Nets,Brooklyn,3
1961,Washington Wizards,"Washington, D.C.",30
1988,Charlotte Hornets || Charlotte Bobcats,Charlotte,4
1966,Chicago Bulls,Chicago,5
1970,Cleveland Cavaliers,Cleveland,6
1980,Dallas Mavericks,Dallas,7
1967,Denver Nuggets,Denver,8
1937,Detroit Pistons,Detroit,9
