draft_pick,age,position,id
,31,Frontcourt,1
54.0,65,Frontcourt,2
57.0,31,Backcourt,3
,82,,4
25.0,61,Backcourt,5
39.0,30,Backcourt,6
,27,Frontcourt,7
,51,Backcourt,8
10.0,81,Frontcourt,9
,74,Frontcourt,10
50.0,50,Frontcourt,11
1.0,30,Frontcourt,12
8.0,37,Frontcourt,13
,53,Backcourt,14
33.0,34,Backcourt,15
,36,Backcourt,16
,75,Frontcourt,17
41.0,65,Frontcourt,18
,55,Backcourt,19
26.0,65,Frontcourt,20
31.0,79,Frontcourt,21
15.0,55,Frontcourt,22
,33,Frontcourt,23
22.0,41,Backcourt,24
,51,Frontcourt,25
50.0,34,Frontcourt,26
44.0,86,Backcourt,27
1.0,69,Backcourt,28
,71,Backcourt || Frontcourt,29
2.0,63,Backcourt,30
3.0,29,Frontcourt,32
6.0,65,Backcourt,33
24.0,43,Frontcourt,34
,49,Backcourt,35
,65,Backcourt,36
51.0,59,Backcourt,37
1.0,31,Frontcourt,38
14.0,60,Frontcourt,39
,45,Frontcourt,40
16.0,51,Backcourt,41
13.0,81,Frontcourt,42
,35,Frontcourt,43
16.0,57,Frontcourt,44
2.0,58,Frontcourt,45
1.0,23,Backcourt,46
20.0,88,Frontcourt,47
,83,,48
8.0,75,Frontcourt,49
45.0,36,Backcourt,51
169.0,73,Backcourt,52
10.0,52,Frontcourt,53
2.0,35,Frontcourt,54
,53,Frontcourt,55
,40,Frontcourt,56
6.0,61,Frontcourt,58
5.0,55,Backcourt,59
8.0,53,Backcourt,60
19.0,58,Backcourt,61
35.0,89,,62
,27,Frontcourt,63
,36,Backcourt,64
46.0,41,Frontcourt,65
,92,Backcourt,66
45.0,26,Backcourt,67
29.0,38,Frontcourt,68
50.0,59,Backcourt,69
35.0,56,Frontcourt,70
,80,Frontcourt,71
21.0,43,Backcourt,72
40.0,58,Frontcourt,73
53.0,65,Backcourt,74
48.0,34,Frontcourt || Backcourt,75
57.0,22,Frontcourt,77
,27,Frontcourt,78
2018.0,29,Backcourt,79
,91,Frontcourt,80
8.0,43,Backcourt,81
27.0,36,Backcourt,82
44.0,60,Frontcourt,83
5.0,73,Frontcourt,84
4.0,51,Frontcourt,85
,85,"(Neither 'Frontcourt' nor 'Backcourt' is applicable, as the context is about American football, not basketball)",86
8.0,77,Frontcourt,87
1.0,71,Backcourt,88
,57,,89
10.0,79,Frontcourt,90
,73,Backcourt,91
11.0,31,Backcourt,92
17.0,31,Backcourt,93
10.0,78,Frontcourt,94
21.0,55,Frontcourt,95
,58,Backcourt,96
,60,Backcourt || Frontcourt,97
57.0,23,Frontcourt,98
9.0,31,Frontcourt,99
6.0,31,Backcourt,100
2.0,28,Backcourt,101
3.0,29,Frontcourt,102
10.0,30,Frontcourt,103
1.0,31,Backcourt,104
3.0,29,Frontcourt,105
,29,Frontcourt,106
1.0,29,Frontcourt,107
,24,Frontcourt,108
23.0,27,Frontcourt,109
3.0,28,Backcourt || Frontcourt,110
1.0,20,Frontcourt,111
17.0,33,Backcourt,112
,25,Backcourt,113
5.0,38,Frontcourt,114
15.0,29,Frontcourt,115
7.0,35,Backcourt,116
3.0,38,Frontcourt,117
13.0,24,Backcourt,118
,31,Backcourt,119
30.0,30,Frontcourt || Backcourt,120
1.0,22,Backcourt,121
1.0,39,Frontcourt,122
30.0,33,Backcourt,123
30.0,29,Frontcourt,124
13.0,29,Backcourt,125
5.0,23,Backcourt,126
24.0,38,Backcourt,127
3.0,61,Backcourt,128
13.0,29,Backcourt,129
35.0,33,Frontcourt,130
10.0,27,Frontcourt,131
7.0,22,Frontcourt,132
2.0,28,Backcourt,133
18.0,23,Frontcourt,134
5.0,21,Frontcourt,135
33.0,28,Backcourt,136
1.0,51,Frontcourt,137
13.0,41,Backcourt,138
4.0,39,Backcourt,139
7.0,33,Frontcourt,140
14.0,27,Frontcourt,141
