nba_championships,name,olympic_gold_medals,id
,Antonius Cleveland,,1
,Thomas Kimball,,10
,Chavano Rainer Hield,,100
,D'Angelo Russell,,101
,Joel Hans Embiid,1.0,102
,Paul Clifton Anthony George,1.0,103
1.0,Kyrie Andrew Irving,1.0,104
1.0,Jayson Christopher Tatum,2.0,105
,Caleb Martin,,106
1.0,Andrew Christian Wiggins,,107
,Max Berning Fiedler,,108
1.0,Ogugua Anunoby Jr.,,109
,William Derek Grimm,,11
1.0,Jaylen Marselles Brown,,110
,Victor Wembanyama,,111
2.0,Jrue Randall Holiday,2.0,112
,Austin Tyler Reaves,,113
1.0,Kevin Wesley Love,1.0,114
1.0,Giannis Antetokounmpo || Giannis Sina Ugo Antetokounmpo,,115
4.0,Wardell Stephen Curry II,1.0,116
1.0,Alfred Joel Horford Reynoso,,117
,Tyler Christopher Herro,,118
,Duncan McBryde Robinson,,119
1.0,Anthony Marshon Davis Jr.,2.0,12
,Kyle Forman Anderson,,120
,Cade Parker Cunningham,,121
4.0,LeBron Raymone James Sr.,3.0,122
,Jimmy Butler III,1.0,123
3.0,Kevon Grant Looney,,124
,Zachary Thomas LaVine,1.0,125
,Jaden Edward Dhananjay Ivey,,126
1.0,Kyle Terrell Lowry,1.0,127
6.0,Michael Jeffrey Jordan,2.0,128
,Devin Armani Booker,2.0,129
,Brandan Keith Wright,,13
4.0,Draymond Jamal Green,2.0,130
,Zach Collins,,131
1.0,Jonathan Malangu Kuminga,,132
,Lonzo Anderson Ball,,133
,Jaime Jaquez Jr.,,134
,Ausar XLNC Thompson || Amen Thompson,,135
,Jalen Marquis Brunson,,136
4.0,Shaquille Rashaun O'Neal,1.0,137
5.0,Kobe Bryant,2.0,138
,Christopher Emmanuel Paul,2.0,139
,Askia Rahman Jones || Wali Jones,,14
1.0,Harrison Bryce Jordan Barnes,1.0,140
,Edrice Femi Adebayo,2.0,141
,Carrick Felix,,15
,Mychel Thompson,,16
,Marvin Roberts,,17
,"Kenneth ""Apple"" Green",,18
,Gerald Madkins Jr.,,19
,Jay Fletcher Vincent,,2
,Donald Robert Anielak,,20
2.0,Philip Douglas Jackson,,21
,Anthony Avent,,22
,Drew Edward Gordon,,23
,Jarrett Matthew Jack,,24
,Rick Hughes,,25
,Lavoy Allen,,26
,Edward Dahler Jr.,,27
5.0,Earvin Johnson Jr.,1.0,28
,Stanley M. Noszka,,29
2.0,Isiah Lord Thomas III,,30
,Daniel Edward Anderson,,31
,Jahlil Obika Okafor,,32
1.0,Kelvin Trent Tucker,,33
,Dwayne Kenneth Schintzius,,34
,Miles Julian Simon,,35
,Guy William Rodgers,,36
2.0,Vernon Maxwell,,37
5.0,Timothy Theodore Duncan,,38
,Walter Berry,,39
,Francis Hugh Curran Sr.,,4
,James Patrick Walsh,1.0,40
,Tony Lorenzo Delk,,41
,Calvin Ramsey,,42
,Eugene Walter Dyker,,43
,Derrick Joseph Chievous,,44
,Rik Smits,,45
,Anthony Edwards,1.0,46
,Harry Junior Gallatin,,47
,James J. Brasco,,48
,Darnell Hillman,,49
,William Mark Price,,5
,Nicholas William Calathes,,51
,Rod Derline,,52
,Kurt Vincent Thomas,,53
2.0,Kevin Wayne Durant,4.0,54
,Aaron Williams,,55
,Nathaniel Thomas Huffman,,56
,Freddie L. Boyd,,57
1.0,William Bedford,,58
1.0,Steven Delano Smith,1.0,59
,David Michineau,,6
,Shawn Christopher Respert,,60
,Rodney Strickland,,61
,Elmer H. Behnke,,62
,Lamar Brandon Stevens,,63
,Hamidou Diallo,,67
,"Dewayne ""D. J."" White, Jr.",,68
9.0,Stephen Douglas Kerr,,69
,Donta Hall,,7
1.0,Gregory Clinton Foster,,70
,William Severlyn Hewitt,,71
,Joseph Xavier Forte,,72
,Dino Rađa,,73
,Mark Jeffrey Radford,,74
,"Konstantinos ""Kostas"" Papanikolaou",,75
,Garrett David Witts,,76
,Jabari Dominic Walker,,77
,Devontae Calvin Cacok,,78
,Brandon Goodwin,,79
,Demerick Montae Strickland,,8
,Richard Anthony Rosenthal,,80
,Aaron Jamal Crawford,,81
,Jordan Lee Crawford,,82
,Thomas James Copa,,83
0.0,Kermit Alan Washington,,84
,Donyell Lamar Marshall,,85
,Gregory Paul Fillmore,,87
,John Harding Lucas II,,88
,Richard Clifford Surhoff Jr.,,89
,David Lattin,,9
,Garfield Smith,,90
,Leroy Patrick Chollet,,91
,Michael Carter-Williams,,92
,Dennis Schröder,,93
,Jack Parr,,94
,"DaMon William ""Monti"" Davis",,95
,Eric Johnson Jones,,96
,Sidney Harold Tanenbaum,,97
,Trayce Jackson-Davis,,98
,Andre Jamal Drummond,,99
