team.founded_year,team.team_name,player.name,player.team,player.id,team.id
1946,Golden State Warriors,"Chavano Rainer ""Buddy"" Hield",Golden State Warriors,100,10
1946,Los Angeles Lakers,D'Angelo Russell,Los Angeles Lakers,101,14
1946,Philadelphia 76ers,Joel Hans Embiid,Philadelphia 76ers,102,23
1946,Philadelphia 76ers,Paul Clifton Anthony George,Philadelphia 76ers,103,23
1980,Dallas Mavericks,Kyrie Andrew Irving,Dallas Mavericks,104,7
1946,Boston Celtics,Jayson Christopher Tatum,Boston Celtics,105,2
1946,Golden State Warriors,Andrew Christian Wiggins,Golden State Warriors,107,10
1946,Philadelphia 76ers,Max Berning Fiedler,Philadelphia 76ers,108,23
1923,Sacramento Kings,Derek Grimm,Sacramento Kings,11,26
1946,Boston Celtics,Jaylen Marselles Brown,Boston Celtics,110,2
1967,San Antonio Spurs,Victor Wembanyama,San Antonio Spurs,111,27
1946,Boston Celtics,Jrue Randall Holiday,Boston Celtics,112,2
1946,Los Angeles Lakers,Austin Tyler Reaves,Los Angeles Lakers,113,14
1988,Miami Heat,Kevin Wesley Love,Miami Heat,114,16
1968,Milwaukee Bucks,Giannis Sina Ugo Antetokounmpo,Milwaukee Bucks,115,17
1946,Golden State Warriors,Wardell Stephen Curry II,Golden State Warriors,116,10
1946,Boston Celtics,Alfred Joel Horford Reynoso,Boston Celtics,117,2
1988,Miami Heat,Tyler Christopher Herro,Miami Heat,118,16
1988,Miami Heat,Duncan McBryde Robinson,Miami Heat,119,16
1946,Los Angeles Lakers,Anthony Marshon Davis Jr.,Los Angeles Lakers,12,14
1937,Detroit Pistons,Cade Parker Cunningham,Detroit Pistons,121,9
1946,Los Angeles Lakers,LeBron Raymone James Sr.,Los Angeles Lakers,122,14
1988,Miami Heat,Jimmy Butler III,Miami Heat,123,16
1946,Golden State Warriors,Kevon Grant Looney,Golden State Warriors,124,10
1966,Chicago Bulls,Zachary Thomas LaVine,Chicago Bulls,125,5
1937,Detroit Pistons,Jaden Edward Dhananjay Ivey,Detroit Pistons,126,9
1946,Philadelphia 76ers,Kyle Terrell Lowry,Philadelphia 76ers,127,23
1968,Phoenix Suns,Devin Armani Booker,Phoenix Suns,129,24
1946,Golden State Warriors,Draymond Jamal Green,Golden State Warriors,130,10
1946,Golden State Warriors,Jonathan Malangu Kuminga,Golden State Warriors,132,10
1988,Miami Heat,Jaime Jaquez Jr.,Miami Heat,134,16
1937,Detroit Pistons,Ausar XLNC Thompson,Detroit Pistons,135,9
1946,Boston Celtics,Shaquille Rashaun O'Neal,Boston Celtics,137,2
1946,Los Angeles Lakers,Kobe Bean Bryant,Los Angeles Lakers,138,14
1967,San Antonio Spurs,Christopher Emmanuel Paul,San Antonio Spurs,139,27
1988,Miami Heat,"Edrice Femi ""Bam"" Adebayo",Miami Heat,141,16
1937,Detroit Pistons,Jarrett Jack,Detroit Pistons,24,9
1946,Los Angeles Lakers,Magic Johnson,Los Angeles Lakers,28,14
1946,Boston Celtics,Stanley M. Noszka,Boston Celtics,29,2
1937,Detroit Pistons,Isiah Thomas,Detroit Pistons,30,9
1970,Portland Trail Blazers,Dan Anderson,Portland Trail Blazers,31,25
1967,San Antonio Spurs,Tim Duncan,San Antonio Spurs,38,27
1967,Indiana Pacers,Rik Smits,Indiana Pacers,45,12
1989,Minnesota Timberwolves,Anthony Edwards,Minnesota Timberwolves,46,18
1968,Phoenix Suns,Kevin Wayne Durant,Phoenix Suns,54,24
1970,Portland Trail Blazers,Jabari Dominic Walker,Portland Trail Blazers,77,25
1946,Boston Celtics,Garfield Smith,Boston Celtics,90,2
1974,Utah Jazz,Eric Johnson Jones,Utah Jazz,96,29
1946,Golden State Warriors,Trayce Jackson-Davis,Golden State Warriors,98,10
