patient_id,text_diagnosis
8426,DENGUE
7531,DENGUE
4934,GASTROESOPHAGEAL REFLUX DISEASE
971,IMPETIGO
9435,DIMORPHIC HEMORRHOID
5303,PEPTIC ULCER DISEASE
3103,PNEUMONIA
8700,PSORIASIS
1783,CERVICAL SPONDYLOSIS
5931,CERVICAL SPONDYLOSIS
4142,TYPHOID
5115,COMMON COLD
104,TYPHOID
994,HYPERTENSION
8440,DRUG REACTION
9124,DENGUE
2960,CHICKEN POX
9496,CERVICAL SPONDYLOSIS
9347,CERVICAL SPONDYLOSIS
3649,HYPERTENSION
2660,COMMON COLD
4336,PNEUMONIA
884,GASTROESOPHAGEAL REFLUX DISEASE
5662,PNEUMONIA
673,URINARY TRACT INFECTION
1979,ARTHRITIS
6071,PSORIASIS
4639,DENGUE
6605,IMPETIGO
1164,CERVICAL SPONDYLOSIS
9315,CERVICAL SPONDYLOSIS
11074,URINARY TRACT INFECTION
1382,DENGUE
8117,PNEUMONIA
8346,DIMORPHIC HEMORRHOID
7224,HYPERTENSION
2925,GASTROESOPHAGEAL REFLUX DISEASE
9187,IMPETIGO
3522,DIMORPHIC HEMORRHOID
7047,COMMON COLD
2819,DENGUE
321,PNEUMONIA
374,DIMORPHIC HEMORRHOID
5594,VARICOSE VEINS
235,PEPTIC ULCER DISEASE
9251,CERVICAL SPONDYLOSIS
10043,ALLERGY
5730,PEPTIC ULCER DISEASE
5217,GASTROESOPHAGEAL REFLUX DISEASE
10584,PEPTIC ULCER DISEASE
8961,CERVICAL SPONDYLOSIS
3802,COMMON COLD
10983,COMMON COLD
6001,DIABETES
7511,TYPHOID
371,PSORIASIS
11093,PNEUMONIA
10847,VARICOSE VEINS
6591,IMPETIGO
8589,CERVICAL SPONDYLOSIS
9744,COMMON COLD
5323,DENGUE
7525,DIMORPHIC HEMORRHOID
9782,DIABETES
5326,VARICOSE VEINS
4866,ACNE
9349,PNEUMONIA
5385,DENGUE
4518,VARICOSE VEINS
8129,PEPTIC ULCER DISEASE
6294,PSORIASIS
5722,MIGRAINE
10246,ACNE
2693,ACNE
8946,COMMON COLD
217,DENGUE
8189,PEPTIC ULCER DISEASE
8521,ALLERGY
2062,URINARY TRACT INFECTION
10704,PNEUMONIA
232,DIABETES
26,FUNGAL INFECTION
4210,HYPERTENSION
6030,ARTHRITIS
6538,HYPERTENSION
8913,DENGUE
5219,PSORIASIS
5575,HYPERTENSION
2280,JAUNDICE
4138,MALARIA
7172,ACNE
970,DRUG REACTION
400,GASTROESOPHAGEAL REFLUX DISEASE
10669,PEPTIC ULCER DISEASE
2688,CERVICAL SPONDYLOSIS
914,ALLERGY
6596,GASTROESOPHAGEAL REFLUX DISEASE
1799,MALARIA
3995,GASTROESOPHAGEAL REFLUX DISEASE
3692,ACNE
8920,CERVICAL SPONDYLOSIS
10726,URINARY TRACT INFECTION
832,HYPERTENSION
5873,DENGUE
9029,FUNGAL INFECTION
7059,HYPERTENSION
5645,MALARIA
4206,ARTHRITIS
619,URINARY TRACT INFECTION
2702,DENGUE
3706,ACNE
8009,COMMON COLD
934,GASTROESOPHAGEAL REFLUX DISEASE
9469,FUNGAL INFECTION
5596,ARTHRITIS
3967,ALLERGY
2470,MALARIA
7734,TYPHOID
10154,PEPTIC ULCER DISEASE
3021,GASTROESOPHAGEAL REFLUX DISEASE
2345,GASTROESOPHAGEAL REFLUX DISEASE
4874,URINARY TRACT INFECTION
7136,HYPERTENSION
6500,DENGUE
1648,PNEUMONIA
11048,PEPTIC ULCER DISEASE
5006,URINARY TRACT INFECTION
690,PEPTIC ULCER DISEASE
1324,JAUNDICE
6831,DENGUE
5537,DRUG REACTION
2288,GASTROESOPHAGEAL REFLUX DISEASE
6287,MALARIA
6388,CHICKEN POX
10801,PSORIASIS
229,ACNE
1439,JAUNDICE
8044,DIABETES
3509,ALLERGY
1828,PNEUMONIA
7152,DRUG REACTION
740,PSORIASIS
9776,DIMORPHIC HEMORRHOID
2383,CERVICAL SPONDYLOSIS
8796,VARICOSE VEINS
9981,COMMON COLD
6970,VARICOSE VEINS
124,CHICKEN POX
10707,HYPERTENSION
7107,COMMON COLD
1569,PNEUMONIA
5939,HYPERTENSION
11080,COMMON COLD
2384,PNEUMONIA
5366,CERVICAL SPONDYLOSIS
10596,CERVICAL SPONDYLOSIS
9165,JAUNDICE
2935,PNEUMONIA
4900,IMPETIGO
8691,ALLERGY
7725,JAUNDICE
4994,PNEUMONIA
8861,DIABETES
6402,HYPERTENSION
4508,DIMORPHIC HEMORRHOID
3133,VARICOSE VEINS
9835,DRUG REACTION
5840,DIABETES
7453,JAUNDICE
1064,JAUNDICE
4574,DENGUE
2357,DIMORPHIC HEMORRHOID
8869,DIMORPHIC HEMORRHOID
3496,ARTHRITIS
5284,URINARY TRACT INFECTION
1614,DENGUE
6026,ARTHRITIS
1863,ACNE
11085,DIABETES
5597,MIGRAINE
3323,DENGUE
4169,DENGUE
7816,MALARIA
3238,ALLERGY
11091,PNEUMONIA
9478,FUNGAL INFECTION
6903,VARICOSE VEINS
552,ARTHRITIS
2629,DIABETES
4437,DIMORPHIC HEMORRHOID
2194,IMPETIGO
3185,PSORIASIS
3563,PNEUMONIA
5853,ACNE
9105,ALLERGY
4180,CERVICAL SPONDYLOSIS
3657,DIMORPHIC HEMORRHOID
4259,COMMON COLD
9091,IMPETIGO
3647,COMMON COLD
936,DENGUE
3574,URINARY TRACT INFECTION
5622,ARTHRITIS
2099,PNEUMONIA
928,DIMORPHIC HEMORRHOID
9537,GASTROESOPHAGEAL REFLUX DISEASE
9222,PEPTIC ULCER DISEASE
5241,ALLERGY
3375,VARICOSE VEINS
4212,DIABETES
3813,JAUNDICE
10752,COMMON COLD
875,CERVICAL SPONDYLOSIS
10800,ALLERGY
8280,DIMORPHIC HEMORRHOID
10940,GASTROESOPHAGEAL REFLUX DISEASE
9911,DENGUE
1725,DENGUE
8713,TYPHOID
8702,IMPETIGO
5668,DENGUE
132,DRUG REACTION
1626,DIABETES
3798,HYPERTENSION
7992,CERVICAL SPONDYLOSIS
8175,ARTHRITIS
10022,DIMORPHIC HEMORRHOID
3805,PNEUMONIA
3558,JAUNDICE
199,VARICOSE VEINS
6091,PNEUMONIA
8741,GASTROESOPHAGEAL REFLUX DISEASE
10372,CERVICAL SPONDYLOSIS
3107,ALLERGY
4762,CHICKEN POX
6486,DRUG REACTION
95,PEPTIC ULCER DISEASE
677,JAUNDICE
10064,IMPETIGO
8829,ARTHRITIS
8478,PEPTIC ULCER DISEASE
1558,COMMON COLD
5914,PNEUMONIA
9687,DIABETES
7678,GASTROESOPHAGEAL REFLUX DISEASE
3425,FUNGAL INFECTION
8109,PEPTIC ULCER DISEASE
6810,ARTHRITIS
5849,DIABETES
9531,HYPERTENSION
1792,BRONCHIAL ASTHMA
1211,CERVICAL SPONDYLOSIS
9508,DIMORPHIC HEMORRHOID
10103,PNEUMONIA
8679,PNEUMONIA
7924,IMPETIGO
3567,BRONCHIAL ASTHMA
8005,MALARIA
10499,DENGUE
593,MIGRAINE
3345,DIABETES
4506,IMPETIGO
449,ACNE
7726,URINARY TRACT INFECTION
6669,DIMORPHIC HEMORRHOID
101,URINARY TRACT INFECTION
2981,JAUNDICE
9046,GASTROESOPHAGEAL REFLUX DISEASE
9932,ACNE
6442,HYPERTENSION
10888,VARICOSE VEINS
4288,VARICOSE VEINS
7260,PNEUMONIA
1200,DENGUE
8718,ARTHRITIS
8707,GASTROESOPHAGEAL REFLUX DISEASE
5908,ALLERGY
6891,URINARY TRACT INFECTION
10431,HYPERTENSION
9869,DENGUE
9815,MIGRAINE
8241,ALLERGY
1483,CHICKEN POX
10685,GASTROESOPHAGEAL REFLUX DISEASE
7349,ARTHRITIS
1504,DIMORPHIC HEMORRHOID
120,FUNGAL INFECTION
6708,FUNGAL INFECTION
9499,GASTROESOPHAGEAL REFLUX DISEASE
6896,IMPETIGO
882,GASTROESOPHAGEAL REFLUX DISEASE
7019,DENGUE
4041,PNEUMONIA
2590,CHICKEN POX
10935,COMMON COLD
4253,DRUG REACTION
4381,COMMON COLD
9144,DENGUE
9044,VARICOSE VEINS
10569,DIABETES
10825,ALLERGY
662,ALLERGY
10427,DIABETES
5088,PSORIASIS
8465,IMPETIGO
4114,COMMON COLD
10412,PSORIASIS
781,DIMORPHIC HEMORRHOID
10475,ALLERGY
1835,PNEUMONIA
6853,DENGUE
10452,DENGUE
5270,URINARY TRACT INFECTION
4713,TYPHOID
1453,GASTROESOPHAGEAL REFLUX DISEASE
1910,BRONCHIAL ASTHMA
1225,DIMORPHIC HEMORRHOID
1070,DENGUE
10194,COMMON COLD
5764,VARICOSE VEINS
7606,PNEUMONIA
6511,DENGUE
952,ACNE
9382,DRUG REACTION
6937,PNEUMONIA
1565,ARTHRITIS
2853,FUNGAL INFECTION
10183,IMPETIGO
4124,CERVICAL SPONDYLOSIS
8354,DIMORPHIC HEMORRHOID
6944,PNEUMONIA
3762,PSORIASIS
6210,IMPETIGO
4272,URINARY TRACT INFECTION
676,DENGUE
2375,URINARY TRACT INFECTION
2633,DIMORPHIC HEMORRHOID
2147,DIMORPHIC HEMORRHOID
7388,ACNE
10026,GASTROESOPHAGEAL REFLUX DISEASE
9156,IMPETIGO
7145,PSORIASIS
7988,VARICOSE VEINS
9795,TYPHOID
1876,URINARY TRACT INFECTION
2831,CERVICAL SPONDYLOSIS
9866,DIMORPHIC HEMORRHOID
8143,PEPTIC ULCER DISEASE
5460,DIABETES
5673,PNEUMONIA
4299,ARTHRITIS
3557,IMPETIGO
6059,DIMORPHIC HEMORRHOID
10175,PSORIASIS
4017,ALLERGY
9897,PNEUMONIA
10532,GASTROESOPHAGEAL REFLUX DISEASE
1106,DIABETES
3704,GASTROESOPHAGEAL REFLUX DISEASE
10582,GASTROESOPHAGEAL REFLUX DISEASE
1208,CHICKEN POX
7236,PNEUMONIA
1541,CERVICAL SPONDYLOSIS
6049,IMPETIGO
94,DIABETES
779,COMMON COLD
4503,DIMORPHIC HEMORRHOID
3620,DENGUE
7998,PSORIASIS
3468,PNEUMONIA
6196,BRONCHIAL ASTHMA
5015,PSORIASIS
7323,JAUNDICE
10301,ARTHRITIS
4646,GASTROESOPHAGEAL REFLUX DISEASE
8930,ARTHRITIS
10096,GASTROESOPHAGEAL REFLUX DISEASE
4403,DENGUE
2727,COMMON COLD
9410,MALARIA
6097,CHICKEN POX
871,ARTHRITIS
1958,CERVICAL SPONDYLOSIS
3840,GASTROESOPHAGEAL REFLUX DISEASE
6525,DENGUE
2154,COMMON COLD
6621,PNEUMONIA
7231,DIABETES
3634,DIMORPHIC HEMORRHOID
3369,ACNE
6177,PSORIASIS
4837,MIGRAINE
5254,ARTHRITIS
2057,DIABETES
2456,DIMORPHIC HEMORRHOID
8799,IMPETIGO
2455,COMMON COLD
9805,ARTHRITIS
3853,HYPERTENSION
4181,DIABETES
6813,GASTROESOPHAGEAL REFLUX DISEASE
6346,URINARY TRACT INFECTION
1965,COMMON COLD
1494,PSORIASIS
4971,COMMON COLD
652,GASTROESOPHAGEAL REFLUX DISEASE
1098,HYPERTENSION
2093,DRUG REACTION
1240,PNEUMONIA
4349,MALARIA
9551,DIABETES
2742,PSORIASIS
2348,ACNE
2574,ALLERGY
4844,TYPHOID
3539,DIMORPHIC HEMORRHOID
3165,VARICOSE VEINS
4376,DIMORPHIC HEMORRHOID
4230,ALLERGY
10437,DIMORPHIC HEMORRHOID
4785,DENGUE
3848,URINARY TRACT INFECTION
2597,MIGRAINE
8219,PEPTIC ULCER DISEASE
9583,HYPERTENSION
1123,CHICKEN POX
290,ALLERGY
2956,DENGUE
2248,VARICOSE VEINS
5193,IMPETIGO
5814,IMPETIGO
10170,COMMON COLD
6957,DIABETES
1795,DIMORPHIC HEMORRHOID
9748,PNEUMONIA
6801,GASTROESOPHAGEAL REFLUX DISEASE
415,JAUNDICE
10901,DENGUE
227,DENGUE
4412,ACNE
8359,DENGUE
10217,COMMON COLD
231,DIMORPHIC HEMORRHOID
9514,ARTHRITIS
3925,DENGUE
5957,VARICOSE VEINS
4716,COMMON COLD
2619,JAUNDICE
1289,PNEUMONIA
10525,PNEUMONIA
3144,PNEUMONIA
2719,DRUG REACTION
3095,FUNGAL INFECTION
9460,HYPERTENSION
6118,FUNGAL INFECTION
10258,GASTROESOPHAGEAL REFLUX DISEASE
3568,DRUG REACTION
8139,DENGUE
2583,CERVICAL SPONDYLOSIS
4145,ARTHRITIS
10107,COMMON COLD
2973,DIABETES
4513,COMMON COLD
1957,PEPTIC ULCER DISEASE
2589,IMPETIGO
1964,PNEUMONIA
4715,ARTHRITIS
3822,DENGUE
10235,MIGRAINE
3063,MALARIA
6056,FUNGAL INFECTION
2429,PEPTIC ULCER DISEASE
10993,URINARY TRACT INFECTION
8371,DIMORPHIC HEMORRHOID
3194,DENGUE
8641,GASTROESOPHAGEAL REFLUX DISEASE
665,HYPERTENSION
8654,DIMORPHIC HEMORRHOID
6984,PNEUMONIA
7724,DIABETES
1113,PSORIASIS
7899,DIABETES
8618,MIGRAINE
8871,GASTROESOPHAGEAL REFLUX DISEASE
8706,GASTROESOPHAGEAL REFLUX DISEASE
9475,CERVICAL SPONDYLOSIS
8324,DIABETES
88,CHICKEN POX
8486,IMPETIGO
218,JAUNDICE
710,ARTHRITIS
2473,GASTROESOPHAGEAL REFLUX DISEASE
10148,ALLERGY
761,DENGUE
5082,GASTROESOPHAGEAL REFLUX DISEASE
10664,FUNGAL INFECTION
9236,GASTROESOPHAGEAL REFLUX DISEASE
10533,BRONCHIAL ASTHMA
8939,COMMON COLD
3472,DENGUE
4504,FUNGAL INFECTION
2984,ARTHRITIS
5482,CHICKEN POX
6574,GASTROESOPHAGEAL REFLUX DISEASE
2519,PNEUMONIA
1121,FUNGAL INFECTION
6384,ALLERGY
7165,DIABETES
3007,DRUG REACTION
4163,PEPTIC ULCER DISEASE
5212,GASTROESOPHAGEAL REFLUX DISEASE
3784,PSORIASIS
3342,DENGUE
8865,DIMORPHIC HEMORRHOID
8431,JAUNDICE
6981,GASTROESOPHAGEAL REFLUX DISEASE
8258,COMMON COLD
29,TYPHOID
7757,PEPTIC ULCER DISEASE
3206,IMPETIGO
8791,URINARY TRACT INFECTION
9889,GASTROESOPHAGEAL REFLUX DISEASE
5364,HYPERTENSION
8662,ALLERGY
1681,VARICOSE VEINS
6714,PEPTIC ULCER DISEASE
3989,PEPTIC ULCER DISEASE
7519,GASTROESOPHAGEAL REFLUX DISEASE
5894,VARICOSE VEINS
9117,DIABETES
2534,DENGUE
2959,PNEUMONIA
4417,BRONCHIAL ASTHMA
10125,DENGUE
10049,PSORIASIS
8126,CERVICAL SPONDYLOSIS
10202,ALLERGY
9482,URINARY TRACT INFECTION
6534,URINARY TRACT INFECTION
6617,HYPERTENSION
5042,DENGUE
1519,HYPERTENSION
8517,PEPTIC ULCER DISEASE
5033,ACNE
8068,FUNGAL INFECTION
8266,ARTHRITIS
1346,GASTROESOPHAGEAL REFLUX DISEASE
9660,DENGUE
5765,ACNE
3738,FUNGAL INFECTION
5875,ALLERGY
8552,HYPERTENSION
7476,GASTROESOPHAGEAL REFLUX DISEASE
4907,GASTROESOPHAGEAL REFLUX DISEASE
2962,PNEUMONIA
9925,DIMORPHIC HEMORRHOID
11050,DENGUE
5209,HYPERTENSION
2463,HYPERTENSION
8548,DIMORPHIC HEMORRHOID
9228,JAUNDICE
7704,DENGUE
1088,URINARY TRACT INFECTION
198,PSORIASIS
8698,TYPHOID
6403,COMMON COLD
2980,DENGUE
7715,PNEUMONIA
7932,MIGRAINE
5794,FUNGAL INFECTION
6063,PSORIASIS
9210,IMPETIGO
7870,IMPETIGO
9098,FUNGAL INFECTION
6777,ACNE
1219,PSORIASIS
5085,JAUNDICE
8137,MIGRAINE
5846,IMPETIGO
5258,GASTROESOPHAGEAL REFLUX DISEASE
8658,GASTROESOPHAGEAL REFLUX DISEASE
3219,HYPERTENSION
9828,DENGUE
9287,DENGUE
1183,ALLERGY
9560,DIABETES
5351,HYPERTENSION
6798,ACNE
5790,FUNGAL INFECTION
3715,PNEUMONIA
5292,ALLERGY
3526,PNEUMONIA
10287,DENGUE
6634,DRUG REACTION
10447,IMPETIGO
1517,GASTROESOPHAGEAL REFLUX DISEASE
4738,PSORIASIS
8620,GASTROESOPHAGEAL REFLUX DISEASE
10223,FUNGAL INFECTION
7564,ALLERGY
8435,ARTHRITIS
6329,CHICKEN POX
6915,DRUG REACTION
7676,PEPTIC ULCER DISEASE
9426,PEPTIC ULCER DISEASE
762,ALLERGY
10496,DIMORPHIC HEMORRHOID
575,PNEUMONIA
7464,URINARY TRACT INFECTION
2927,ALLERGY
1864,VARICOSE VEINS
7377,PSORIASIS
2964,CHICKEN POX
5552,PSORIASIS
4746,PNEUMONIA
8325,ACNE
1073,IMPETIGO
9851,GASTROESOPHAGEAL REFLUX DISEASE
7222,IMPETIGO
10867,DIABETES
2709,ACNE
1390,CHICKEN POX
2290,ALLERGY
6751,PNEUMONIA
19,JAUNDICE
1138,ALLERGY
1352,CERVICAL SPONDYLOSIS
1642,JAUNDICE
407,TYPHOID
559,GASTROESOPHAGEAL REFLUX DISEASE
9273,VARICOSE VEINS
2864,ALLERGY
5191,ARTHRITIS
7644,VARICOSE VEINS
7286,PNEUMONIA
9803,CHICKEN POX
1708,COMMON COLD
7055,DRUG REACTION
6397,DRUG REACTION
7327,PSORIASIS
7387,PNEUMONIA
7290,ARTHRITIS
2861,COMMON COLD
6913,GASTROESOPHAGEAL REFLUX DISEASE
10755,DIABETES
5233,COMMON COLD
3942,COMMON COLD
6376,ACNE
4274,ACNE
8300,GASTROESOPHAGEAL REFLUX DISEASE
9437,PNEUMONIA
2261,GASTROESOPHAGEAL REFLUX DISEASE
9143,MIGRAINE
7914,CHICKEN POX
7626,PNEUMONIA
7350,DENGUE
2754,COMMON COLD
9600,ALLERGY
10787,GASTROESOPHAGEAL REFLUX DISEASE
3210,JAUNDICE
9063,GASTROESOPHAGEAL REFLUX DISEASE
2110,JAUNDICE
427,CERVICAL SPONDYLOSIS
5003,CHICKEN POX
6378,CERVICAL SPONDYLOSIS
9516,HYPERTENSION
1694,COMMON COLD
6701,ACNE
9544,ACNE
8259,PNEUMONIA
6857,GASTROESOPHAGEAL REFLUX DISEASE
696,MIGRAINE
7243,GASTROESOPHAGEAL REFLUX DISEASE
9532,JAUNDICE
3269,ACNE
1220,IMPETIGO
2522,PNEUMONIA
6506,PNEUMONIA
4949,PNEUMONIA
6066,VARICOSE VEINS
6080,PNEUMONIA
5130,DIABETES
856,ARTHRITIS
7038,ARTHRITIS
7646,PNEUMONIA
9430,GASTROESOPHAGEAL REFLUX DISEASE
8550,MIGRAINE
8298,DRUG REACTION
6686,DENGUE
2413,DIABETES
7559,IMPETIGO
3266,CERVICAL SPONDYLOSIS
7001,PNEUMONIA
10979,COMMON COLD
7581,GASTROESOPHAGEAL REFLUX DISEASE
9818,VARICOSE VEINS
9796,DENGUE
7672,ALLERGY
10207,DENGUE
8097,DIMORPHIC HEMORRHOID
7103,ARTHRITIS
8546,COMMON COLD
5242,DIABETES
773,ALLERGY
8422,DIABETES
4099,ACNE
11099,DENGUE
10641,TYPHOID
5044,IMPETIGO
7910,COMMON COLD
7729,COMMON COLD
1261,ACNE
7466,PSORIASIS
405,PNEUMONIA
5897,COMMON COLD
3279,GASTROESOPHAGEAL REFLUX DISEASE
1408,PEPTIC ULCER DISEASE
6424,PNEUMONIA
3763,MALARIA
849,TYPHOID
96,ALLERGY
9727,JAUNDICE
5598,ALLERGY
5440,PNEUMONIA
6407,IMPETIGO
1137,PNEUMONIA
5423,ARTHRITIS
10883,FUNGAL INFECTION
8585,JAUNDICE
7670,PNEUMONIA
9984,DENGUE
4771,DIABETES
4942,ACNE
548,FUNGAL INFECTION
9766,ACNE
2689,COMMON COLD
14,URINARY TRACT INFECTION
1041,URINARY TRACT INFECTION
2898,FUNGAL INFECTION
9427,MALARIA
3638,ALLERGY
490,DENGUE
2791,DENGUE
10900,DRUG REACTION
7460,CERVICAL SPONDYLOSIS
10802,PEPTIC ULCER DISEASE
3201,FUNGAL INFECTION
6588,DIMORPHIC HEMORRHOID
7313,JAUNDICE
8237,IMPETIGO
3653,DIMORPHIC HEMORRHOID
10155,COMMON COLD
8487,CERVICAL SPONDYLOSIS
1695,ARTHRITIS
5330,URINARY TRACT INFECTION
1376,HYPERTENSION
22,COMMON COLD
6031,PNEUMONIA
9255,PEPTIC ULCER DISEASE
2520,CERVICAL SPONDYLOSIS
10285,COMMON COLD
6962,PSORIASIS
5434,TYPHOID
7248,ACNE
2516,PNEUMONIA
220,JAUNDICE
3491,DENGUE
91,MALARIA
3991,PNEUMONIA
6530,ALLERGY
7643,PNEUMONIA
10923,VARICOSE VEINS
2815,CHICKEN POX
5203,VARICOSE VEINS
10494,IMPETIGO
6412,COMMON COLD
9621,PSORIASIS
3386,DENGUE
6151,COMMON COLD
9943,IMPETIGO
1847,ACNE
6819,ARTHRITIS
2529,DENGUE
1818,JAUNDICE
3913,URINARY TRACT INFECTION
2679,VARICOSE VEINS
3586,COMMON COLD
4247,HYPERTENSION
3504,JAUNDICE
8397,ARTHRITIS
206,GASTROESOPHAGEAL REFLUX DISEASE
10626,PEPTIC ULCER DISEASE
8991,CERVICAL SPONDYLOSIS
7135,PSORIASIS
8767,PSORIASIS
3286,PSORIASIS
4801,PNEUMONIA
8968,GASTROESOPHAGEAL REFLUX DISEASE
335,PNEUMONIA
7668,JAUNDICE
10480,ACNE
7941,COMMON COLD
3554,PNEUMONIA
7884,ALLERGY
7894,PSORIASIS
5535,PNEUMONIA
3104,ARTHRITIS
4421,GASTROESOPHAGEAL REFLUX DISEASE
8249,VARICOSE VEINS
4821,ARTHRITIS
4975,PEPTIC ULCER DISEASE
10077,IMPETIGO
2680,ACNE
7491,COMMON COLD
9677,MIGRAINE
1193,GASTROESOPHAGEAL REFLUX DISEASE
10741,ARTHRITIS
5066,PSORIASIS
2561,DENGUE
1071,PNEUMONIA
7749,HYPERTENSION
900,URINARY TRACT INFECTION
1507,DIMORPHIC HEMORRHOID
8832,VARICOSE VEINS
2015,ALLERGY
3299,URINARY TRACT INFECTION
8937,ALLERGY
7116,PSORIASIS
5008,DIMORPHIC HEMORRHOID
10300,GASTROESOPHAGEAL REFLUX DISEASE
7100,URINARY TRACT INFECTION
5576,DIABETES
1437,PEPTIC ULCER DISEASE
1937,ARTHRITIS
5965,ARTHRITIS
10675,DIMORPHIC HEMORRHOID
307,TYPHOID
399,FUNGAL INFECTION
6391,ARTHRITIS
5884,PNEUMONIA
9132,MIGRAINE
2999,VARICOSE VEINS
5736,JAUNDICE
9751,ARTHRITIS
6541,PSORIASIS
4780,GASTROESOPHAGEAL REFLUX DISEASE
9509,DENGUE
8903,DRUG REACTION
10367,MALARIA
2340,URINARY TRACT INFECTION
6270,COMMON COLD
7630,URINARY TRACT INFECTION
4802,CERVICAL SPONDYLOSIS
2645,MIGRAINE
8328,TYPHOID
534,COMMON COLD
7931,ALLERGY
10676,PSORIASIS
5416,ACNE
8014,PNEUMONIA
10075,HYPERTENSION
9388,FUNGAL INFECTION
1316,URINARY TRACT INFECTION
5057,GASTROESOPHAGEAL REFLUX DISEASE
8823,TYPHOID
4887,MIGRAINE
2527,CHICKEN POX
5911,PEPTIC ULCER DISEASE
9092,ALLERGY
8232,PNEUMONIA
7389,VARICOSE VEINS
171,PNEUMONIA
5481,MALARIA
2656,TYPHOID
8650,URINARY TRACT INFECTION
8071,JAUNDICE
5905,IMPETIGO
1351,IMPETIGO
8560,GASTROESOPHAGEAL REFLUX DISEASE
10345,FUNGAL INFECTION
9812,JAUNDICE
2736,PNEUMONIA
786,CERVICAL SPONDYLOSIS
1576,DRUG REACTION
828,COMMON COLD
7364,DIABETES
7465,DIABETES
3688,ALLERGY
570,ACNE
10122,IMPETIGO
5295,PNEUMONIA
6991,IMPETIGO
9194,IMPETIGO
784,IMPETIGO
3607,VARICOSE VEINS
5515,PEPTIC ULCER DISEASE
3181,HYPERTENSION
5237,PNEUMONIA
8536,CERVICAL SPONDYLOSIS
7084,DENGUE
862,VARICOSE VEINS
9056,PNEUMONIA
3221,DENGUE
7088,PEPTIC ULCER DISEASE
4032,DIMORPHIC HEMORRHOID
3974,DIMORPHIC HEMORRHOID
10567,PEPTIC ULCER DISEASE
4587,DENGUE
3389,ACNE
2771,COMMON COLD
6126,PNEUMONIA
5899,VARICOSE VEINS
6834,TYPHOID
9305,VARICOSE VEINS
2566,FUNGAL INFECTION
8697,PEPTIC ULCER DISEASE
11047,DIABETES
10891,PEPTIC ULCER DISEASE
4876,URINARY TRACT INFECTION
6622,PNEUMONIA
4233,COMMON COLD
2643,PNEUMONIA
3742,DIABETES
5631,FUNGAL INFECTION
9747,VARICOSE VEINS
10488,URINARY TRACT INFECTION
6068,JAUNDICE
2720,ACNE
5639,COMMON COLD
1238,GASTROESOPHAGEAL REFLUX DISEASE
2485,PEPTIC ULCER DISEASE
10151,DIABETES
6268,IMPETIGO
5995,DIMORPHIC HEMORRHOID
7793,URINARY TRACT INFECTION
4608,DIABETES
3415,HYPERTENSION
8798,DENGUE
3648,DENGUE
5518,COMMON COLD
8251,ACNE
2165,DRUG REACTION
5532,MIGRAINE
6692,JAUNDICE
2281,CHICKEN POX
1263,CERVICAL SPONDYLOSIS
5170,HYPERTENSION
8775,COMMON COLD
10418,DIABETES
5629,IMPETIGO
10,PSORIASIS
4948,DIMORPHIC HEMORRHOID
8736,HYPERTENSION
7365,ALLERGY
1871,MIGRAINE
4961,URINARY TRACT INFECTION
3915,ARTHRITIS
8481,VARICOSE VEINS
9722,CHICKEN POX
7358,DENGUE
9417,ARTHRITIS
752,DENGUE
9353,DRUG REACTION
5167,URINARY TRACT INFECTION
8158,IMPETIGO
10242,COMMON COLD
2160,TYPHOID
2341,GASTROESOPHAGEAL REFLUX DISEASE
9288,DIMORPHIC HEMORRHOID
5065,COMMON COLD
2795,CHICKEN POX
10937,HYPERTENSION
9523,IMPETIGO
10521,DENGUE
1171,COMMON COLD
6793,MIGRAINE
945,GASTROESOPHAGEAL REFLUX DISEASE
7846,VARICOSE VEINS
9534,GASTROESOPHAGEAL REFLUX DISEASE
6103,TYPHOID
10639,ACNE
9420,URINARY TRACT INFECTION
2214,HYPERTENSION
8278,FUNGAL INFECTION
2148,DIMORPHIC HEMORRHOID
9892,PNEUMONIA
4901,PEPTIC ULCER DISEASE
10236,ALLERGY
3511,HYPERTENSION
190,ACNE
3075,PNEUMONIA
885,PSORIASIS
9857,IMPETIGO
1228,TYPHOID
4250,CHICKEN POX
2042,PNEUMONIA
10445,DIABETES
133,MIGRAINE
10371,GASTROESOPHAGEAL REFLUX DISEASE
4475,ARTHRITIS
10036,VARICOSE VEINS
1785,CHICKEN POX
9089,JAUNDICE
3803,ACNE
6011,VARICOSE VEINS
1327,GASTROESOPHAGEAL REFLUX DISEASE
11101,DIMORPHIC HEMORRHOID
10956,PNEUMONIA
3708,PSORIASIS
1191,PNEUMONIA
7656,IMPETIGO
8519,GASTROESOPHAGEAL REFLUX DISEASE
3494,CERVICAL SPONDYLOSIS
9079,PEPTIC ULCER DISEASE
6224,DIABETES
388,COMMON COLD
3263,PSORIASIS
523,JAUNDICE
3891,COMMON COLD
4910,DENGUE
2260,BRONCHIAL ASTHMA
4231,ARTHRITIS
8855,CHICKEN POX
4326,CHICKEN POX
1784,JAUNDICE
799,PEPTIC ULCER DISEASE
9100,ALLERGY
221,URINARY TRACT INFECTION
6479,URINARY TRACT INFECTION
1232,PNEUMONIA
6560,URINARY TRACT INFECTION
428,PNEUMONIA
135,MIGRAINE
9675,PEPTIC ULCER DISEASE
6732,DIABETES
8412,PNEUMONIA
6864,PNEUMONIA
3079,VARICOSE VEINS
1438,DIABETES
7796,JAUNDICE
4176,PSORIASIS
67,JAUNDICE
9934,BRONCHIAL ASTHMA
7161,DENGUE
3118,ARTHRITIS
4240,GASTROESOPHAGEAL REFLUX DISEASE
7155,FUNGAL INFECTION
6672,PEPTIC ULCER DISEASE
2459,CHICKEN POX
3401,JAUNDICE
4788,JAUNDICE
1927,PNEUMONIA
9230,PNEUMONIA
10401,GASTROESOPHAGEAL REFLUX DISEASE
2888,CERVICAL SPONDYLOSIS
4824,DIMORPHIC HEMORRHOID
1893,COMMON COLD
6167,GASTROESOPHAGEAL REFLUX DISEASE
7989,DIMORPHIC HEMORRHOID
3527,JAUNDICE
1370,IMPETIGO
7330,PNEUMONIA
1120,ACNE
4849,GASTROESOPHAGEAL REFLUX DISEASE
3038,DIABETES
4836,CERVICAL SPONDYLOSIS
4653,MIGRAINE
8648,PEPTIC ULCER DISEASE
3039,CHICKEN POX
2820,COMMON COLD
3014,BRONCHIAL ASTHMA
1406,GASTROESOPHAGEAL REFLUX DISEASE
107,DENGUE
238,PNEUMONIA
9716,PNEUMONIA
3150,URINARY TRACT INFECTION
643,ALLERGY
3947,BRONCHIAL ASTHMA
10792,JAUNDICE
10464,JAUNDICE
6165,DRUG REACTION
7821,COMMON COLD
8365,MALARIA
3857,VARICOSE VEINS
7875,GASTROESOPHAGEAL REFLUX DISEASE
4996,PNEUMONIA
6370,PEPTIC ULCER DISEASE
1145,GASTROESOPHAGEAL REFLUX DISEASE
10070,MALARIA
3306,DENGUE
439,PNEUMONIA
8975,JAUNDICE
4073,DIABETES
8184,URINARY TRACT INFECTION
1853,IMPETIGO
1158,DIABETES
4692,ACNE
4327,PSORIASIS
10513,DIABETES
9102,MIGRAINE
2631,URINARY TRACT INFECTION
5061,FUNGAL INFECTION
7413,ACNE
4641,MIGRAINE
3685,CHICKEN POX
5992,COMMON COLD
5027,FUNGAL INFECTION
8343,PSORIASIS
5779,DIABETES
6368,COMMON COLD
6038,IMPETIGO
2657,DIABETES
8694,VARICOSE VEINS
483,ALLERGY
6679,DENGUE
7184,DRUG REACTION
9498,ACNE
5904,PNEUMONIA
5067,ARTHRITIS
10032,MIGRAINE
9413,DIABETES
205,VARICOSE VEINS
7689,MALARIA
2778,PNEUMONIA
6809,URINARY TRACT INFECTION
4012,ACNE
3744,DENGUE
3281,GASTROESOPHAGEAL REFLUX DISEASE
4495,GASTROESOPHAGEAL REFLUX DISEASE
6926,PNEUMONIA
3961,CHICKEN POX
7394,PNEUMONIA
9848,DIABETES
9192,DENGUE
1918,DENGUE
5749,ARTHRITIS
9169,PNEUMONIA
6351,COMMON COLD
398,ARTHRITIS
5744,COMMON COLD
80,IMPETIGO
2674,DRUG REACTION
5595,IMPETIGO
8451,DENGUE
11070,HYPERTENSION
6947,JAUNDICE
8466,CHICKEN POX
6040,GASTROESOPHAGEAL REFLUX DISEASE
3674,DENGUE
7320,GASTROESOPHAGEAL REFLUX DISEASE
2666,HYPERTENSION
7440,DRUG REACTION
2277,COMMON COLD
71,CERVICAL SPONDYLOSIS
3105,CHICKEN POX
2721,DIABETES
9868,CHICKEN POX
9227,PSORIASIS
57,PEPTIC ULCER DISEASE
5517,URINARY TRACT INFECTION
10870,ALLERGY
3847,ALLERGY
10417,IMPETIGO
10426,ACNE
293,PNEUMONIA
5152,TYHOID
1898,PNEUMONIA
8057,GASTROESOPHAGEAL REFLUX DISEASE
1451,HYPERTENSION
9854,ALLERGY
5495,MALARIA
3583,JAUNDICE
9219,VARICOSE VEINS
3779,JAUNDICE
5200,PNEUMONIA
9016,MIGRAINE
7021,VARICOSE VEINS
10364,DENGUE
7467,FUNGAL INFECTION
510,MIGRAINE
10747,CHICKEN POX
10613,PEPTIC ULCER DISEASE
4813,PNEUMONIA
1878,HYPERTENSION
2929,PNEUMONIA
7034,DENGUE
4828,PNEUMONIA
6762,BRONCHIAL ASTHMA
2827,DIABETES
8765,URINARY TRACT INFECTION
76,COMMON COLD
5999,ARTHRITIS
8893,COMMON COLD
5298,MALARIA
10462,HYPERTENSION
8444,DENGUE
2886,PNEUMONIA
3860,PEPTIC ULCER DISEASE
2569,DENGUE
11069,COMMON COLD
