mvp_awards,draft_pick,fiba_world_cup,id
0,6.0,1.0,100
0,2.0,1.0,101
1,3.0,1.0,102
1,10.0,1.0,103
2,1.0,1.0,104
1,3.0,1.0,105
0,1.0,1.0,107
1,3.0,1.0,110
0,1.0,0.0,111
0,17.0,1.0,112
0,,1.0,113
1,5.0,1.0,114
2,15.0,1.0,115
2,7.0,2.0,116
0,3.0,1.0,117
0,13.0,1.0,118
0,,0.0,119
1,1.0,1.0,12
0,30.0,1.0,120
0,1.0,1.0,121
4,24.0,1.0,122
1,30.0,1.0,123
0,30.0,1.0,124
1,13.0,1.0,125
0,5.0,0.0,126
1,24.0,1.0,127
6,24.0,1.0,128
2,13.0,0.0,129
2,35.0,1.0,130
0,10.0,0.0,131
0,7.0,0.0,132
0,2.0,1.0,133
0,18.0,1.0,134
1,33.0,1.0,136
2,24.0,1.0,137
2,13.0,2.0,138
2,4.0,1.0,139
0,,0.0,14
0,7.0,1.0,140
0,14.0,1.0,141
0,,0.0,16
0,24.0,1.0,21
0,,0.0,23
0,22.0,1.0,24
3,24.0,1.0,28
0,57.0,0.0,3
1,2.0,1.0,30
0,3.0,1.0,32
2,1.0,2.0,38
1,2.0,1.0,45
0,1.0,1.0,46
0,8.0,1.0,49
0,25.0,1.0,5
0,32.0,0.0,51
0,30.0,0.0,53
2,24.0,1.0,54
0,,0.0,56
0,5.0,1.0,59
0,,0.0,64
0,57.0,1.0,65
0,45.0,0.0,67
0,50.0,1.0,69
0,21.0,0.0,72
0,40.0,1.0,73
0,48.0,1.0,75
0,8.0,1.0,81
0,27.0,0.0,82
0,1.0,1.0,88
0,11.0,1.0,92
0,17.0,1.0,93
0,57.0,0.0,98
1,9.0,1.0,99
