movieId,movieScore
1193230-state_of_play,3.75
2012,2.69
28_days_later,4.0
a_quiet_place_2018,4.6
a_star_is_born_2018,4.4
ad_astra,4.2
aladdin,3.0
alien_covenant,3.4
ant_man_and_the_wasp,4.06
ant_man_and_the_wasp_quantumania,2.93
aquaman_2018,3.0
arrival_2016,4.27
avatar_the_way_of_water,4.23
avengers_endgame,4.44
avengers_infinity_war,4.11
baby_driver,4.8
batman_v_superman_dawn_of_justice,2.29
birds_of_prey_2020,3.75
black_panther_2018,4.89
black_panther_wakanda_forever,3.45
black_widow_2021,3.86
blackkklansman,4.58
blue_is_the_warmest_color,4.17
bohemian_rhapsody,2.71
booksmart,4.0
captain_america_civil_war,4.4
captain_marvel,3.91
catch_me_if_you_can,4.8
cruella,3.5
deadpool_2,4.25
doctor_strange_2016,4.0
doctor_strange_in_the_multiverse_of_madness,3.0
dune_2021,4.15
dunkirk_2017,4.52
elvis,3.8
eternals,1.8
everything_everywhere_all_at_once,5.0
first_man,4.29
get_out,4.8
glass_2019,3.2
glass_onion_a_knives_out_mystery,4.6
godzilla_vs_kong,4.6
guardians_of_the_galaxy_vol_2,4.33
halloween_2018,3.8
i_tonya,4.4
incredibles_2,4.2
it_2017,4.2
jojo_rabbit,3.91
joker_2019,3.37
jurassic_world_dominion,2.8
jurassic_world_fallen_kingdom,3.08
justice_league_2017,1.67
knives_out,4.94
kong_skull_island,3.0
la_la_land,4.5
little_women_2019,4.85
logan_2017,4.3
mad_max_fury_road,4.14
marriage_story_2019,3.4
midsommar,4.6
mission_impossible_fallout,4.53
moonlight_2016,4.4
no_time_to_die_2021,3.9
nomadland,4.36
nope,3.9
once_upon_a_time_in_hollywood,4.16
parasite_2019,4.81
prairie_home_companion,3.6
promising_young_woman,4.43
ready_player_one,3.56
rocketman_2019,4.2
rogue_one_a_star_wars_story,4.12
roma_2018,5.0
shazam,4.43
skyfall,3.8
snow_white_and_the_huntsman,2.81
solo_a_star_wars_story,3.75
spider_man_far_from_home,4.36
spider_man_homecoming,4.8
spider_man_into_the_spider_verse,5.0
spider_man_no_way_home,4.62
star_wars_episode_vii_the_force_awakens,4.6
star_wars_the_last_jedi,4.57
star_wars_the_rise_of_skywalker,3.12
stillwater_2020,4.6
suicide_squad_2016,1.8
taken_3,1.8
the_batman,4.2
the_favourite_2018,4.11
the_front_runner_2018,2.92
the_invisible_man_2020,4.86
the_irishman,4.75
the_lighthouse_2019,3.6
the_lion_king_2019,3.25
the_post,4.83
the_revenant_2015,3.4
thor_love_and_thunder,2.62
thor_ragnarok_2017,4.69
three_billboards_outside_ebbing_missouri,4.5
top_gun_maverick,4.55
toy_story_4,4.57
west_side_story_2021,5.0
widows_2018,4.56
wonder_woman_1984,3.06
wonder_woman_2017,4.7
