founded_year,ownership,team_name,id
1967,Arthur J. Brown || Roy Boe || Alan N. Cohen || Joseph Taub || Raymond Chambers || Lewis Katz || Bruce Ratner || Mikhail Prokhorov || Joseph Tsai || Jay‑Z || Will Pan,Brooklyn Nets || New Jersey Americans || New York Nets || New Jersey Nets,3
1988,George Shinn || Robert L. Johnson || Michael Jordan || Gabe Plotkin || Rick Schnall,Charlotte Hornets || Charlotte Bobcats || New Orleans Hornets || New Orleans Pelicans,4
1970,Ted Stepien || George Gund || Gordon Gund || Dan Gilbert,Cleveland Cavaliers,6
1980,Miriam Adelson || Patrick Dumont || Mark Cuban,Dallas Mavericks,7
1967,Bill Ringsby || Frank Goldberg || Bud Fischer || Red McCombs || Sidney Shlenker || COMSAT || Bill Laurie || Nancy Laurie || Donald Sturm || Stan Kroenke,Denver Nuggets,8
1967,Robert Breitbard || Texas Sports Investments || Kenneth Schnitzer || George Maloof || Charlie Thomas || Sidney Shlenker || Leslie Alexander || Tilman Fertitta,Houston Rockets || San Diego Rockets,11
1970,Donald Sterling || Steve Ballmer,Los Angeles Clippers || Buffalo Braves || San Diego Clippers,13
1995,Robert J. Pera,Memphis Grizzlies || Vancouver Grizzlies,15
1988,Micky Arison,Miami Heat,16
1968,Herb Kohl || Wes Edens || Marc Lasry || Jamie Dinan || Jim Fitzgerald,Milwaukee Bucks,17
1989,Glen Taylor,Minnesota Timberwolves,18
2002,George Shinn || NBA || Tom Benson || Gayle Benson,New Orleans Pelicans,19
1967,Clay Bennett,Oklahoma City Thunder,21
1989,Richard DeVos || Bob Vander Weide,Orlando Magic,22
1968,Mat Ishbia || Justin Ishbia,Phoenix Suns,24
1970,Larry Weinberg || Paul Allen || Jody Allen,Portland Trail Blazers,25
1967,Angelo Drossos || John Schaefer || Red McCombs || Peter M. Holt,San Antonio Spurs,27
1995,John Bitove || Allan Slaight || Maple Leaf Sports & Entertainment (MLSE),Toronto Raptors,28
1974,Ryan Smith || Dwyane Wade,Utah Jazz,29
