id,category,rating,description,customer_location
1,Kitchen,1,Extremely disappointed with my Cuisinart microwave. Failed quickly. I wish I could return this.,Business located in Cambridge in Massachusetts state.
2,Beauty,5,This Sephora perfume is perfect. Works exactly as described. weighs only 200 grams.,Shipped to Detroit (Michigan).
3,Sports,2,I regret buying this Adidas tennis racket. Terrible experience. I asked for a refund.,"Customer is based in Chicago, IL."
4,Books,5,Top-notch quality on the Penguin Books bestseller. Absolutely worth it.,"Ordered from Philadelphia, Pennsylvania."
5,Beauty,4,So happy with my Sephora moisturizer. Five stars!,Buyer works in Atlanta in Fulton County.
6,Home,5,The Dyson rug exceeded all my expectations. Perfect! lightweight design.,Buyer works in Detroit in Wayne County.
7,Clothing,4,The Gucci dress is excellent! Highly recommended to everyone. weighs only 200 grams.,Shipped to Atlanta (Georgia).
8,Electronics,3,"This Canon laptop is okay. Does what it says, nothing special.",Buyer works in Burlington in Chittenden County.
9,Kitchen,5,Outstanding quality. The Le Creuset coffee maker is fantastic.,"Customer is based in Burlington, VT."
10,Clothing,5,Love how well-made this Prada pants is. Excellent product.,"Ordered from San Diego, California."
11,Kitchen,1,The Le Creuset knife set arrived damaged. Unacceptable quality. I requested a refund.,Shipped to Raleigh (North Carolina).
12,Beauty,5,Outstanding performance from this L'Oreal lip balm. Fantastic! compact size.,Shipped to Miami (Florida).
13,Kitchen,5,Impressed by the Le Creuset blender. Great value for money. battery lasts 12 hours.,Buyer works in Montpelier in Washington County.
14,Books,4,Wonderful Scholastic autobiography. Works great and looks beautiful. weighs only 200 grams.,Shipped to Detroit (Michigan).
15,Beauty,5,The Estee Lauder face mask is excellent! Highly recommended to everyone. lightweight design.,Buyer works in Nashville in Davidson County.
16,Toys,4,So happy with my Hasbro action figure. Five stars! lightweight design.,"Customer is based in Cambridge, MA."
17,Kitchen,5,This Le Creuset dishware is perfect. Works exactly as described.,"Ordered from Portland, Oregon."
18,Kitchen,1,Awful KitchenAid dishware. Stopped working immediately. I wish I could return this.,Business located in Chicago in Illinois state.
19,Clothing,4,Cannot be happier with my Prada shoes. Brilliant!,"Ordered from Denver, Colorado."
20,Electronics,1,The Samsung keyboard arrived damaged. Unacceptable quality.,Shipped to Cleveland (Ohio).
21,Beauty,5,Absolutely love this Estee Lauder mascara. Best purchase ever!,"Customer is based in Atlanta, GA."
22,Home,5,Absolutely love this Dyson rug. Best purchase ever!,Business located in Chicago in Illinois state.
23,Books,3,"This Penguin Books hardcover is okay. Does what it says, nothing special.",Business located in Phoenix in Arizona state.
24,Electronics,3,The Canon camera is fine. Meets basic expectations.,Buyer works in Saint Paul in Ramsey County.
25,Kitchen,5,The KitchenAid pan exceeded all my expectations. Perfect!,"Customer is based in Salt Lake City, UT."
26,Electronics,4,Outstanding quality. The Panasonic headphones is fantastic.,Buyer works in San Francisco in San Francisco County.
27,Clothing,1,Cheap materials. The Gucci shoes fell apart so easily. I want my money back.,Buyer works in Saint Paul in Ramsey County.
28,Electronics,2,Awful Panasonic speaker. Stopped working immediately. It arrived broken.,Delivered to a home in Seattle in the West region of the US.
29,Clothing,5,Outstanding performance from this Levi's shoes. Fantastic! lightweight design.,Buyer works in Montpelier in Washington County.
30,Beauty,5,Top-notch quality on the L'Oreal lip balm. Absolutely worth it.,"Customer is based in Los Angeles, CA."
31,Home,2,Do not waste your money on this Dyson rug. It broke.,"Customer is based in New York, NY."
32,Books,1,Very disappointed with the Penguin Books guide. Poor quality.,"Ordered from Boston, Massachusetts."
33,Clothing,5,This Prada shirt is a game-changer. Truly excellent. weighs only 200 grams.,"Customer is based in Minneapolis, MN."
34,Home,2,Refused to work properly from the start. Worst Dyson rug ever.,Business located in Cleveland in Ohio state.
35,Toys,5,Top-notch quality on the Hasbro puzzle. Absolutely worth it.,Delivered to a home in Montpelier in the Northeast region of the US.
36,Kitchen,5,Cannot be happier with my Le Creuset coffee maker. Brilliant!,"Ordered from Montpelier, Vermont."
37,Kitchen,5,The Cuisinart pot arrived in perfect condition. Very pleased!,Business located in Montpelier in Vermont state.
38,Kitchen,5,Outstanding performance from this KitchenAid microwave. Fantastic! battery lasts 12 hours.,Buyer works in Salt Lake City in Salt Lake County.
39,Home,3,"This Dyson pillow is okay. Does what it says, nothing special. Does anyone is there a way to?",Shipped to Denver (Colorado).
40,Sports,5,This Under Armour bicycle is a game-changer. Truly excellent.,"Ordered from Cambridge, Massachusetts."
41,Books,5,Absolutely love this Penguin Books paperback. Best purchase ever!,Shipped to New York (New York).
42,Kitchen,5,Outstanding performance from this KitchenAid pot. Fantastic!,Delivered to a home in Seattle in the West region of the US.
43,Sports,4,Outstanding performance from this Under Armour bicycle. Fantastic!,Shipped to Ithaca (New York).
44,Clothing,5,Fantastic Levi's coat. Very satisfied with this purchase.,"Ordered from Ithaca, New York."
45,Electronics,5,Outstanding performance from this Sony monitor. Fantastic!,Delivered to a home in Raleigh in the South region of the US.
46,Kitchen,4,Outstanding quality. The Le Creuset toaster is fantastic. lightweight design.,Shipped to Tucson (Arizona).
47,Home,5,Impressed by the IKEA curtain. Great value for money.,"Customer is based in Boston, MA."
48,Electronics,5,The Canon headphones exceeded all my expectations. Perfect!,Shipped to Tucson (Arizona).
49,Kitchen,2,I regret buying this Cuisinart dishware. Terrible experience. I requested a refund.,"Customer is based in Salt Lake City, UT."
50,Toys,5,The Hasbro doll exceeded all my expectations. Perfect! weighs only 200 grams.,"Customer is based in Montpelier, VT."
51,Beauty,5,The Estee Lauder serum exceeded all my expectations. Perfect!,Shipped to Detroit (Michigan).
52,Toys,1,Horrible quality on this Hasbro building set. Total let-down.,Business located in Portland in Oregon state.
53,Sports,2,Refused to work properly from the start. Worst Under Armour bicycle ever. I returned it.,Buyer works in Miami in Miami-Dade County.
54,Home,5,This IKEA rug is perfect. Works exactly as described. lightweight design.,Delivered to a home in Boston in the Northeast region of the US.
55,Kitchen,5,The Cuisinart pot exceeded all my expectations. Perfect!,"Ordered from Austin, Texas."
56,Toys,1,Terrible experience with this Hasbro toy car. Broke after one week.,"Ordered from Philadelphia, Pennsylvania."
57,Electronics,1,The Samsung monitor is absolutely useless. Terrible product.,Shipped to Cleveland (Ohio).
58,Kitchen,4,Wonderful Cuisinart microwave. Works great and looks beautiful. supports 4K resolution.,Delivered to a home in Minneapolis in the Midwest region of the US.
59,Toys,2,Terrible experience with this Mattel board game. Broke after one week.,"Customer is based in Minneapolis, MN."
60,Books,3,Standard quality Penguin Books bestseller. Works as described. Does anyone is there a way to?,Buyer works in Philadelphia in Philadelphia County.
61,Kitchen,4,Love how well-made this Cuisinart microwave is. Excellent product.,"Ordered from Burlington, Vermont."
62,Sports,1,Very disappointed with the Adidas yoga mat. Poor quality.,"Customer is based in Tucson, AZ."
63,Electronics,2,Terrible experience with this Sony tablet. Broke after one week. It screen cracked out of the box.,"Customer is based in Minneapolis, MN."
64,Kitchen,4,Fantastic Cuisinart pot. Very satisfied with this purchase.,Delivered to a home in Detroit in the Midwest region of the US.
65,Books,2,Awful Penguin Books paperback. Stopped working immediately.,Delivered to a home in Phoenix in the West region of the US.
66,Toys,5,Outstanding quality. The Hasbro board game is fantastic.,Delivered to a home in Burlington in the Northeast region of the US.
67,Kitchen,5,Absolutely love this Cuisinart coffee maker. Best purchase ever!,Delivered to a home in Nashville in the South region of the US.
68,Home,5,Top-notch quality on the Dyson furniture. Absolutely worth it.,"Ordered from Seattle, Washington."
69,Home,3,Standard quality Dyson rug. Works as described. Does anyone wondering about?,Buyer works in Tucson in Pima County.
70,Beauty,4,Outstanding performance from this Sephora shampoo. Fantastic!,"Customer is based in Burlington, VT."
71,Sports,1,Do not waste your money on this Nike workout gear. It broke.,"Customer is based in Cambridge, MA."
72,Beauty,1,This L'Oreal perfume is a complete disaster. Very unhappy. I sent it back.,Delivered to a home in San Diego in the West region of the US.
73,Sports,3,"This Under Armour dumbbells is okay. Does what it says, nothing special.","Ordered from Nashville, Tennessee."
74,Kitchen,2,Do not waste your money on this Le Creuset dishware. It broke. It stopped working after a week.,Delivered to a home in Philadelphia in the Northeast region of the US.
75,Kitchen,5,Wonderful Le Creuset pot. Works great and looks beautiful.,"Ordered from White Plains, New York."
76,Home,5,The Dyson curtain arrived in perfect condition. Very pleased! battery lasts 12 hours.,Business located in Detroit in Michigan state.
77,Home,5,The IKEA bedding is excellent! Highly recommended to everyone.,Delivered to a home in Portland in the West region of the US.
78,Sports,1,Refused to work properly from the start. Worst Nike running shoe ever. I sent it back. It broke immediately.,Buyer works in Boston in Suffolk County.
79,Electronics,1,The Panasonic speaker is defective. Do not recommend.,"Customer is based in Seattle, WA."
80,Sports,4,Fantastic Adidas running shoe. Very satisfied with this purchase.,"Ordered from Portland, Oregon."
81,Books,1,This Scholastic hardcover does not work as advertised. Waste of money.,Business located in Boston in Massachusetts state.
82,Sports,5,Top-notch quality on the Nike yoga mat. Absolutely worth it.,Shipped to Cleveland (Ohio).
83,Kitchen,2,Do not waste your money on this Cuisinart dishware. It broke. I wish I could return this.,Shipped to Ithaca (New York).
84,Electronics,3,Acceptable Apple tablet. Does the job it's meant to do.,"Customer is based in Minneapolis, MN."
85,Clothing,5,Fantastic Levi's jacket. Very satisfied with this purchase. includes wireless connectivity.,Shipped to Saint Paul (Minnesota).
86,Beauty,5,The L'Oreal shampoo arrived in perfect condition. Very pleased!,"Customer is based in Raleigh, NC."
87,Kitchen,1,The Le Creuset knife set is absolutely useless. Terrible product. I asked for a refund.,Business located in Portland in Oregon state.
88,Books,5,The Scholastic guide arrived in perfect condition. Very pleased!,Delivered to a home in Raleigh in the South region of the US.
89,Sports,2,This Adidas tennis racket is a scam. Completely disappointed.,Delivered to a home in Nashville in the South region of the US.
90,Home,3,Average IKEA lamp. Neither great nor terrible.,Shipped to Burlington (Vermont).
91,Electronics,1,Horrible quality on this Samsung laptop. Total let-down.,Business located in Portland in Oregon state.
92,Toys,3,Standard quality Mattel action figure. Works as described.,Buyer works in Cambridge in Middlesex County.
93,Books,1,This Scholastic hardcover is a scam. Completely disappointed. I want my money back.,"Customer is based in Atlanta, GA."
94,Beauty,5,So happy with my Estee Lauder serum. Five stars!,Shipped to Philadelphia (Pennsylvania).
95,Electronics,2,The Panasonic keyboard is absolutely useless. Terrible product. I wish I could return this.,"Ordered from Salt Lake City, Utah."
96,Beauty,2,The L'Oreal shampoo is defective. Do not recommend.,"Ordered from Saint Paul, Minnesota."
97,Books,5,Fantastic Penguin Books autobiography. Very satisfied with this purchase.,Shipped to New York (New York).
98,Toys,5,So happy with my LEGO building set. Five stars!,"Ordered from Boston, Massachusetts."
99,Sports,4,Wonderful Adidas bicycle. Works great and looks beautiful.,"Ordered from Miami, Florida."
100,Clothing,5,Outstanding quality. The Levi's pants is fantastic. includes wireless connectivity.,Shipped to Cambridge (Massachusetts).
