championship,founded_year,location,id
1,1946,Atlanta,1
18,1946,Boston,2
0,1967,Brooklyn,3
6,1966,Chicago,5
1,1970,Cleveland,6
1,1980,Dallas,7
1,1967,Denver,8
3,1937,Detroit,9
7,1946,San Francisco,10
2,1967,Houston,11
3,1967,Indianapolis,12
0,1970,Los Angeles,13
17,1946,Los Angeles,14
2,1968,Milwaukee,17
2,1946,New York City,20
0,1967,Oklahoma City,21
3,1946,Philadelphia,23
0,1968,Phoenix,24
1,1970,Portland,25
1,1923,Sacramento,26
5,1967,San Antonio,27
0,1974,Salt Lake City,29
1,1961,"Washington, D.C.",30
