nba_championships,name,fiba_world_cup,id
0.0,Antonius Cleveland,,1
0.0,Jay Fletcher Vincent,,2
,Nikola Radičević,0.0,3
,Francis Hugh Curran Sr.,,4
0.0,William Mark Price,1.0,5
,David Michineau,,6
,Donta Hall,,7
,"Demerick Montae ""Erick"" Strickland",,8
0.0,David Lattin,,9
,Thomas Kimball,,10
,William Derek Grimm,,11
2.0,Anthony Davis,1.0,12
0.0,Brandan Keith Wright,,13
,Askia Rahman Jones,0.0,14
0.0,Carrick Felix,,15
0.0,Mychel Thompson,0.0,16
0.0,Marvin Roberts,,17
,"Kenneth ""Apple"" Green",,18
,Gerald Madkins Jr.,,19
0.0,Donald Robert Anielak,,20
11.0,Phil Jackson,1.0,21
,Anthony Avent,,22
0.0,Drew Edward Gordon,0.0,23
0.0,Jarrett Matthew Jack,1.0,24
,Rick Hughes,,25
0.0,Lavoy Allen,,26
,Edward Dahler Jr.,,27
5.0,"Earvin ""Magic"" Johnson",1.0,28
,Stanley M. Noszka || Youngstown Bears (1945–46) || Pittsburgh Ironmen (1946–47) || Boston Celtics (1947–48),,29
2.0,Isiah Thomas,1.0,30
,Daniel Edward Anderson,,31
0.0,Jahlil Okafor,1.0,32
1.0,Kelvin Trent Tucker,,33
0.0,Dwayne Schintzius,,34
,Miles Julian Simon,,35
0.0,Guy William Rodgers,,36
2.0,Vernon Maxwell,,37
5.0,Tim Duncan,2.0,38
0.0,Walter Berry,,39
,James Patrick Walsh,,40
0.0,Tony Lorenzo Delk,,41
0.0,Calvin Ramsey,,42
,Eugene Walter Dyker,,43
,Derrick Joseph Chievous,,44
0.0,Rik Smits,1.0,45
0.0,Anthony Edwards,1.0,46
0.0,"Harry Junior ""The Horse"" Gallatin",,47
,James J. Brasco,,48
0.0,Darnell Hillman,1.0,49
,,,50
0.0,Nicholas William Calathes,0.0,51
,Rod Derline,,52
0.0,Kurt Vincent Thomas,0.0,53
2.0,Kevin Durant,1.0,54
,Aaron Williams,,55
0.0,Nathaniel Thomas Huffman,0.0,56
,Freddie L. Boyd,,57
2.0,William Bedford,,58
1.0,Steven Delano Smith,1.0,59
,Shawn Christopher Respert,,60
0.0,Rodney Strickland,,61
,Elmer H. Behnke,,62
0.0,Lamar Brandon Stevens,,63
,Ronald Moore,0.0,64
0.0,Erazem Lorbek,1.0,65
,"Marvin ""Mickey"" Rottner",,66
0.0,Hamidou Diallo,0.0,67
,"Dewayne ""D. J."" White, Jr.",,68
9.0,Stephen Douglas Kerr,1.0,69
1.0,Gregory Clinton Foster,,70
,William Severlyn Hewitt,,71
0.0,Joseph Xavier Forte,0.0,72
0.0,Dino Rađa,1.0,73
,Mark Jeffrey Radford,,74
0.0,"Konstantinos ""Kostas"" Papanikolaou",1.0,75
,Garrett David Witts,,76
,Jabari Dominic Walker,,77
0.0,Devontae Calvin Cacok,,78
0.0,Brandon Goodwin,,79
,Richard Anthony Rosenthal,,80
0.0,Aaron Jamal Crawford,1.0,81
,Jordan Lee Crawford,0.0,82
,Thomas James Copa,,83
0.0,Kermit Washington,,84
0.0,Donyell Marshall,,85
,,,86
,Gregory Paul Fillmore,,87
0.0,John Harding Lucas II,1.0,88
,Richard Clifford Surhoff Jr.,,89
,Garfield Smith,,90
0.0,Leroy Chollet,,91
0.0,Michael Carter-Williams,1.0,92
0.0,Dennis Schröder,1.0,93
,Jack Parr,,94
,"DaMon William ""Monti"" Davis",,95
,Eric Johnson Jones,,96
,Sidney Harold Tanenbaum,,97
0.0,Trayce Jackson-Davis,0.0,98
0.0,Andre Jamal Drummond,1.0,99
0.0,Buddy Hield,1.0,100
0.0,D'Angelo Russell,1.0,101
0.0,Joel Hans Embiid,1.0,102
0.0,Paul George,1.0,103
2.0,Kyrie Irving,1.0,104
2.0,Jayson Christopher Tatum,1.0,105
0.0,Caleb Martin,,106
1.0,Andrew Christian Wiggins,1.0,107
,Max Berning Fiedler,,108
1.0,"Ogugua ""OG"" Anunoby Jr.",,109
2.0,Jaylen Brown,1.0,110
0.0,Victor Wembanyama,0.0,111
2.0,Jrue Holiday,1.0,112
0.0,Austin Reaves,1.0,113
2.0,Kevin Love,1.0,114
2.0,Giannis Sina Ugo Antetokounmpo,1.0,115
4.0,Stephen Curry,2.0,116
1.0,Al Horford,1.0,117
0.0,Tyler Christopher Herro,1.0,118
2.0,Duncan Robinson,0.0,119
0.0,Kyle Anderson,1.0,120
0.0,Cade Cunningham,1.0,121
4.0,LeBron James,1.0,122
0.0,Jimmy Butler,1.0,123
3.0,Kevon Grant Looney,1.0,124
0.0,Zach LaVine,1.0,125
0.0,Jaden Ivey,0.0,126
2.0,Kyle Lowry,1.0,127
6.0,Michael Jordan,1.0,128
0.0,Devin Booker,0.0,129
4.0,Draymond Green,1.0,130
0.0,Zach Collins,0.0,131
1.0,Jonathan Malangu Kuminga,0.0,132
0.0,Lonzo Ball,1.0,133
0.0,Jaime Jaquez Jr.,1.0,134
0.0,Ausar Thompson,,135
1.0,Jalen Marquis Brunson,1.0,136
4.0,Shaquille O'Neal,1.0,137
5.0,Kobe Bryant,2.0,138
2.0,Chris Paul,1.0,139
2.0,Harrison Bryce Jordan Barnes,1.0,140
0.0,"Edrice Femi ""Bam"" Adebayo",1.0,141
